,URL,Name,Price,Rating,Reviews,ASIN,Manufacturer
0,https://www.amazon.in/s?k=bags&crid=L7FLEA6QV28S&sprefix=bag%2Caps%2C232&ref=nb_sb_noss_1,"FUR JADEN Anti Theft Number Lock Backpack Bag with 15.6 Inch Laptop Compartment, USB Charging Port & Organizer Pocket for Men Women Boys Girls",679.,4.0,"5,610 ratings",B09VTDMRY7,FUR JADEN
1,https://www.amazon.in/s?k=bags&crid=L7FLEA6QV28S&sprefix=bag%2Caps%2C232&ref=nb_sb_noss_1,"FUR JADEN Anti Theft Number Lock Backpack Bag with 15.6 Inch Laptop Compartment, USB Charging Port & Organizer Pocket for Men Women Boys Girls",799.,4.4,121 ratings,B0BYSZ3TKW,FUR JADEN
2,https://www.amazon.in/s?k=bags&crid=L7FLEA6QV28S&sprefix=bag%2Caps%2C232&ref=nb_sb_noss_1,Skybags Brat Black 46 Cms Casual Backpack,649,4.1,"5,525 ratings",B08Z1HHHTD,VIP Industries Ltd
3,https://www.amazon.in/s?k=bags&crid=L7FLEA6QV28S&sprefix=bag%2Caps%2C232&ref=nb_sb_noss_1,American Tourister Fizz Large Size 32 Ltrs Casual Backpack (BLACK),"1,199.",4.0,"55,249 ratings",B07CJCGM1M,‎Samsonite
4,https://www.amazon.in/s?k=bags&crid=L7FLEA6QV28S&sprefix=bag%2Caps%2C232&ref=nb_sb_noss_1,Half Moon Large 37L Laptop Bag Backpack for menं Women Boys and Girls Luggage Travel Bags with 17.3 inches Laptop Compartment & Rain Cover,849,3.9,"3,442 ratings",B09VCLZ3K4,Amazing Bags
5,https://www.amazon.in/s?k=bags&crid=L7FLEA6QV28S&sprefix=bag%2Caps%2C232&ref=nb_sb_noss_1,Red Lemon Bange Hard Ironlook Briefcase Laptop Bag Anti-Theft Hard Shell Unisex Laptop Backpack with USB Charging Backpack for Men and Women,"4,990",4.4,108 ratings,B09ZYQJHXR,Encon Impex Pvt Ltd
6,https://www.amazon.in/s?k=bags&crid=L7FLEA6QV28S&sprefix=bag%2Caps%2C232&ref=nb_sb_noss_1,POLICE Backpack for Men Casual Laptop Bag Office/Travel/College 30 Ltr Hedge Polyester - Black,"1,399.",4.1,"5,852 ratings",B09CQ5T3LN,
7,https://www.amazon.in/s?k=bags&crid=L7FLEA6QV28S&sprefix=bag%2Caps%2C232&ref=nb_sb_noss_1,FUR JADEN Pro Series Smart Tech Anti-Theft Laptop Backpack With USB-A and USB-C Type Charging Port for Men & Women For Business Professionals & College Students,"3,499.",4.6,99 ratings,B0C28QQMFJ,Fur Jaden
8,https://www.amazon.in/s?k=bags&crid=L7FLEA6QV28S&sprefix=bag%2Caps%2C232&ref=nb_sb_noss_1,Red Lemon Medium Size Unisex Adult Bange Series Rhombus Shell Design Waterproof Sling Bag With Usb Charging,"1,899.",4.2,93 ratings,B09VGNTDRZ,
9,https://www.amazon.in/s?k=bags&crid=L7FLEA6QV28S&sprefix=bag%2Caps%2C232&ref=nb_sb_noss_1,COSMUS Laptop Backpack for 15.6 inch Laptop Linux 39 litres Office Laptop Backpack,"1,878.",4.3,445 ratings,B01FUKZRCU,No
10,https://www.amazon.in/s?k=bags&crid=L7FLEA6QV28S&sprefix=bag%2Caps%2C232&ref=nb_sb_noss_1,"FUR JADEN Anti Theft Number Lock Backpack Bag with 15.6 Inch Laptop Compartment, USB Charging Port & Organizer Pocket for Men Women Boys Girls",679.,4.0,"5,610 ratings",B09VTDMRY7,FUR JADEN
11,https://www.amazon.in/s?k=bags&crid=L7FLEA6QV28S&sprefix=bag%2Caps%2C232&ref=nb_sb_noss_1,TRUE HUMAN EMPEROR® Anti-Theft backpack With USB charging Port Laptop bag/Office bag/college bag/travel bag with anti -theft back pocket (LEGEND),599.,3.7,"2,462 ratings",B09QJ7ZF2Y,
12,https://www.amazon.in/s?k=bags&crid=L7FLEA6QV28S&sprefix=bag%2Caps%2C232&ref=nb_sb_noss_1,"Half Moon 35 Ltrs Water Resistant 15.6 inch Laptop Bag for Men/Backpack for Men, Navy Blue | Office Bag for Men/Office Bag for Women with Padded Laptop Compartment | Rain Cover & Reflective Strips",649.,3.9,"16,960 ratings",B085MHDJ93,Amazing Bags
13,https://www.amazon.in/s?k=bags&crid=L7FLEA6QV28S&sprefix=bag%2Caps%2C232&ref=nb_sb_noss_1,Half Moon Large 37L Laptop Bag Backpack for menं Women Boys and Girls Luggage Travel Bags with 17.3 inches Laptop Compartment & Rain Cover,849.,3.9,"3,442 ratings",B0BJ32LQ6X,Amazing Bags
14,https://www.amazon.in/s?k=bags&crid=L7FLEA6QV28S&sprefix=bag%2Caps%2C232&ref=nb_sb_noss_1,"Fur Jaden 55 LTR Rucksack Travel Backpack Bag for Trekking, Hiking with Shoe Compartment",849.,4.3,"5,600 ratings",B07YDGQQN5,Fur Jaden
15,https://www.amazon.in/s?k=bags&crid=L7FLEA6QV28S&sprefix=bag%2Caps%2C232&ref=nb_sb_noss_1,"FUR JADEN 15.6 Inch Smart Laptop Backpack Bag With USB Charging Port, Anti Theft Pocket and Accessories Organiser for Men Women Boys Girls","1,329",4.1,693 ratings,B0BSHBH9K2,Fur Jaden
16,https://www.amazon.in/s?k=bags&crid=L7FLEA6QV28S&sprefix=bag%2Caps%2C232&ref=nb_sb_noss_1,Martucci 16 inch 36L Casual Waterproof Backpack/Office Bag/School Bag/College Bag/Business Bag/Unisex Travel Backpack,599,3.8,199 ratings,B0B1HM2ZGX,Martuci
17,https://www.amazon.in/s?k=bags&crid=L7FLEA6QV28S&sprefix=bag%2Caps%2C232&ref=nb_sb_noss_1,AmazonBasics - Casual Backpack/Office Bag/ for a 15.6-inch Laptop,699.,4.0,377 ratings,B09W4VMZ79,"‎FLAB INTERNATIONAL PRIVATE LIMITED, FLAB INTERNATIONAL PRIVATE LIMITED PLOT NO. 357 E, PACE CITY-2, SEC-37, GURGAON - 122001 (HARYANA) INDIA 91- 9873326777"
18,https://www.amazon.in/s?k=bags&crid=L7FLEA6QV28S&sprefix=bag%2Caps%2C232&ref=nb_sb_noss_1,"MosQuick® Clear large Drawstring Bags Clear Plastic Travel Bags, Travel Garments Organizing Storage Plastic Bags ,Shoe bags , Stationery Bag,multipurpose bag - Translucent",420.,4.1,74 ratings,B09SB5DP5Y,
19,https://www.amazon.in/s?k=bags&crid=L7FLEA6QV28S&sprefix=bag%2Caps%2C232&ref=nb_sb_noss_1,"Presto! Oxo-Biodegradable Garbage Bags, Large (24 x 32 inches) - 15 bags/roll (Pack of 6, Black, plastic)",329.,4.3,"29,983 ratings",B0821PYKVK,"‎SINAR INDAH PULP & PAPER PVT LTD Plot No: 122 B, Sec-6, HSIIDC, IGC,Bawal-123501, Distt - Rewari(HR)"
20,https://www.amazon.in/s?k=bags&crid=L7FLEA6QV28S&sprefix=bag%2Caps%2C232&ref=nb_sb_noss_1,Amazon Basics Laptop Backpack,649.,4.2,504 ratings,B09W3XLDM2,"‎TORG INDIA PVT. LTD., TORG INDIA PVT. LTD. #6, Samarpan Enclave, ECC Road, Whitefield, Bangalore,Karnataka 560066, India, Ph: +91 9620199222, avisekm@torgusa.com"
21,https://www.amazon.in/s?k=bags&crid=L7FLEA6QV28S&sprefix=bag%2Caps%2C232&ref=nb_sb_noss_1,Blue Tree Kids Backpack Mini Travel Bag 1-6 Years COW,298.,4.0,385 ratings,B08D5RCWV9,Vancouver Store
22,https://www.amazon.in/s?k=bags&crid=L7FLEA6QV28S&sprefix=bag%2Caps%2C232&ref=nb_sb_noss_1,"Amazon Brand - Solimo Diaper Backpack, Cat Print","1,349.",4.0,39 ratings,B08FTHBRPY,‎Solimo
23,https://www.amazon.in/s?k=bags&crid=L7FLEA6QV28S&sprefix=bag%2Caps%2C232&ref=nb_sb_noss_1,Dyazo Slim 15.6 inch Laptop Backpack Business Notebook computer bag suitable for office College School Men & Women,599.,4.5,9 ratings,B0C7HC675G,"‎DYAZO, DYAZO F 15 Ground Floor Okhala Phase 1 New Delhi 110048"
24,https://www.amazon.in/s?k=bags&crid=L7FLEA6QV28S&sprefix=bag%2Caps%2C232&ref=nb_sb_noss_1,Blue Tree Kids School Bag Soft Plush Backpack Cartoon Bags Mini Travel Bag for for Girls Boys Toddler Baby Cute Dog & Koala,448.,4.0,81 ratings,B097NHH5YY,‎6 years and up
25,https://www.amazon.in/s?k=bags&crid=L7FLEA6QV28S&sprefix=bag%2Caps%2C232&ref=nb_sb_noss_1,POLICE Backpack for Men Casual Laptop Bag Office/Travel/College 30 Ltr Hedge Polyester - Black,"1,399.",4.1,"5,852 ratings",B09CQ5T3LN,
26,https://www.amazon.in/s?k=bags&crid=L7FLEA6QV28S&sprefix=bag%2Caps%2C232&ref=nb_sb_noss_1,Fur Jaden Brown Textured Leatherette Stylish & Spacious Weekender Duffle Bag for Travel,899.,4.3,"6,505 ratings",B07M9BRCQ5,No
27,https://www.amazon.in/s?k=bags&crid=L7FLEA6QV28S&sprefix=bag%2Caps%2C232&ref=nb_sb_noss_1,Gear CarryOn 16L Foldable Water Resistant School Bag//Backpack/College Bag for Men/Women - Blue Black,199,3.7,"7,051 ratings",B019HA8AYG,No
28,https://www.amazon.in/s?k=bags&crid=L7FLEA6QV28S&sprefix=bag%2Caps%2C232&ref=nb_sb_noss_1,Gear Classic 20L Small Size Faux Leather Water Resistant Anti Theft Unisex Laptop Backpack- Brown,979,4.4,"6,040 ratings",B07G4F6XFH,Gear Merchandise PVT LTD
29,https://www.amazon.in/s?k=bags&crid=L7FLEA6QV28S&sprefix=bag%2Caps%2C232&ref=nb_sb_noss_1,Safari Seek 45 Ltrs Overnighter Expandable Travel Laptop Backpack,"2,099.",4.5,"7,383 ratings",B07BZ5VC4H,No
30,https://www.amazon.in/s?k=bags&crid=L7FLEA6QV28S&sprefix=bag%2Caps%2C232&ref=nb_sb_noss_1,Lavie Sport Lino Large Size 63 cms Wheel Duffle Bag for Travel | Travel Bag with Trolley,"1,049.",4.0,"8,320 ratings",B097RJ22Q3,Bagzone Lifestyle Pvt Ltd
31,https://www.amazon.in/s?k=bags&crid=L7FLEA6QV28S&sprefix=bag%2Caps%2C232&ref=nb_sb_noss_1,"American Tourister VALEX BLUE LAPTOP BACKPACK 28 Ltrs,Volume, LAPTOP COMPARTMENT, BOTTLE POCKET, FRONT ORGANIZER","1,399",4.2,665 ratings,B0BTD4FK9G,EXPERTS
32,https://www.amazon.in/s?k=bags&crid=L7FLEA6QV28S&sprefix=bag%2Caps%2C232&ref=nb_sb_noss_1,"Mi Step Out 12 L Mini Backpack (Small Size, Black, Water Repellant)",249.,4.1,"9,706 ratings",B088XB5XY8,"‎Korrun India Pvt. Ltd, Plot No.25, P2(4&X), 1st Phase, Bidadi Industrial area, Bangalore-562109, Karnataka"
33,https://www.amazon.in/s?k=bags&crid=L7FLEA6QV28S&sprefix=bag%2Caps%2C232&ref=nb_sb_noss_1,"Red Lemon Titan Ultrafit Plus Bange Series 15.6-inch Laptop Bags Backpacks for Men and Women55L Outdoor and Camping 3in1 Office Bags,Travelling,Backpack","3,999",4.4,509 ratings,B082Y7TZ8Z,TSpark
34,https://www.amazon.in/s?k=bags&crid=L7FLEA6QV28S&sprefix=bag%2Caps%2C232&ref=nb_sb_noss_1,"uppercase Apex Professional Laptop Backpack (15.6 Inch) 3x more water resistant sustainable bags with rain proof zippers for Men, Women, Boys and Girls, 750 Days warranty","1,800",4.4,89 ratings,B0BWNBQXDZ,Acefour Accessories Pvt. Ltd.
35,https://www.amazon.in//s?k=bags&page=2&crid=L7FLEA6QV28S&qid=1692681024&sprefix=bag%2Caps%2C232&ref=sr_pg_2,"FUR JADEN Anti Theft Number Lock Backpack Bag with 15.6 Inch Laptop Compartment, USB Charging Port & Organizer Pocket for Men Women Boys Girls",679.,4.0,"5,610 ratings",B09VTDMRY7,FUR JADEN
36,https://www.amazon.in//s?k=bags&page=2&crid=L7FLEA6QV28S&qid=1692681024&sprefix=bag%2Caps%2C232&ref=sr_pg_2,"FUR JADEN Anti Theft Number Lock Backpack Bag with 15.6 Inch Laptop Compartment, USB Charging Port & Organizer Pocket for Men Women Boys Girls",799.,4.4,121 ratings,B0BYSZ3TKW,FUR JADEN
37,https://www.amazon.in//s?k=bags&page=2&crid=L7FLEA6QV28S&qid=1692681024&sprefix=bag%2Caps%2C232&ref=sr_pg_2,Sfane Polyester 23cms Duffle/Shoulder/Gym Bag for Men & Women with Separate Shoe Compartment (Grey),387.,4.3,"7,913 ratings",B07XXFB9CZ,No
38,https://www.amazon.in//s?k=bags&page=2&crid=L7FLEA6QV28S&qid=1692681024&sprefix=bag%2Caps%2C232&ref=sr_pg_2,ADISA 15.6 inch laptop backpack office bag college travel back pack 32 Ltrs,499,3.9,"1,148 ratings",B09TPX22NF,ADISA
39,https://www.amazon.in//s?k=bags&page=2&crid=L7FLEA6QV28S&qid=1692681024&sprefix=bag%2Caps%2C232&ref=sr_pg_2,Half Moon Aztec 37L School Bag Class 5-12 | College Bagpack for Men/College Back pack for Women | 15.6 inch Laptop Bag for Men/Backpack for Men | Spacious & Multiple Pockets,649.,3.6,229 ratings,B0C23Z9W18,Half_Moon
40,https://www.amazon.in//s?k=bags&page=2&crid=L7FLEA6QV28S&qid=1692681024&sprefix=bag%2Caps%2C232&ref=sr_pg_2,Zipline Unisex Casual Polyester 36 L Backpack School Bag Women Men Boys Girls Children Daypack College Bag Book School Sports Bag,843.,3.6,912 ratings,B08WQ668WJ,Atulitu Agency
41,https://www.amazon.in//s?k=bags&page=2&crid=L7FLEA6QV28S&qid=1692681024&sprefix=bag%2Caps%2C232&ref=sr_pg_2,"Lenovo 15.6"" (39.62cm) Slim Everyday Backpack, Made in India, Compact, Water-resistant, Organized storage:Laptop sleeve,tablet pocket,front workstation,2-side pockets,Padded adjustable shoulder straps",839.,4.3,"4,203 ratings",B08R7RPVJF,"‎Lenovo, #43/3, Maruthi Mandira, Arisina Kunta, Next to Holiday Plam Hotel, Nelamangala, Bangalore 562123, India"
42,https://www.amazon.in//s?k=bags&page=2&crid=L7FLEA6QV28S&qid=1692681024&sprefix=bag%2Caps%2C232&ref=sr_pg_2,"Golden Wolf Laptop Bag Anti-theft Backpack with Lock College School Laptop Backpack with Rain Cover Water Resistant Business Backpack with USB Port for 15.6-inch Laptop Office Travel Bag for Men and Women Gifts, Dark Grey","1,999.",4.4,"3,500 ratings",B08HM4TQZZ,ah arctic hunter
43,https://www.amazon.in//s?k=bags&page=2&crid=L7FLEA6QV28S&qid=1692681024&sprefix=bag%2Caps%2C232&ref=sr_pg_2,Safari Quill Large Laptop Backpack 26 Ltrs Water Resistant Fabric - Black,859,3.9,"1,025 ratings",B09B25Z8M2,Safari Industries
44,https://www.amazon.in//s?k=bags&page=2&crid=L7FLEA6QV28S&qid=1692681024&sprefix=bag%2Caps%2C232&ref=sr_pg_2,"American Tourister VALEX BLACK LAPTOP BACKPACK 28 Ltrs,Volume, LAPTOP COMPARTMENT, BOTTLE POCKET, FRONT ORGANIZER","1,399.",4.3,850 ratings,B0BTD4S4XF,EXPERTS
45,https://www.amazon.in//s?k=bags&page=2&crid=L7FLEA6QV28S&qid=1692681024&sprefix=bag%2Caps%2C232&ref=sr_pg_2,"FUR JADEN 15.6 Inch Smart Laptop Backpack Bag With USB Charging Port, Anti Theft Pocket and Accessories Organiser for Men Women Boys Girls","1,329",4.1,693 ratings,B0BSHBH9K2,Fur Jaden
46,https://www.amazon.in//s?k=bags&page=2&crid=L7FLEA6QV28S&qid=1692681024&sprefix=bag%2Caps%2C232&ref=sr_pg_2,"Red Lemon Titan Ultrafit Plus Bange Series 15.6-inch Laptop Bags Backpacks for Men and Women55L Outdoor and Camping 3in1 Office Bags,Travelling,Backpack","3,999.",4.4,509 ratings,B082Y7TZ8Z,TSpark
47,https://www.amazon.in//s?k=bags&page=2&crid=L7FLEA6QV28S&qid=1692681024&sprefix=bag%2Caps%2C232&ref=sr_pg_2,FUR JADEN Anti Theft Backpack 15.6 Inch Laptop Bag with USB Charging Port For Men Women Boys Girls,839.,4.0,"13,934 ratings",B078GLXMDY,No
48,https://www.amazon.in//s?k=bags&page=2&crid=L7FLEA6QV28S&qid=1692681024&sprefix=bag%2Caps%2C232&ref=sr_pg_2,"Lunar's V-Line Backpack for Men, Blue | 35L Water Resistant School Bags for Boys | Stylish, & Durable | College Bags for Men/College Bag for Girls | 1 Yr Warranty",735.,4.1,"2,683 ratings",B08BP5CYDV,Lunar's
49,https://www.amazon.in//s?k=bags&page=2&crid=L7FLEA6QV28S&qid=1692681024&sprefix=bag%2Caps%2C232&ref=sr_pg_2,ADISA 31 Ltrs Casual Backpack School College Bag Pack,399,4.0,205 ratings,B0BX3QFVSM,ADISA
50,https://www.amazon.in//s?k=bags&page=2&crid=L7FLEA6QV28S&qid=1692681024&sprefix=bag%2Caps%2C232&ref=sr_pg_2,"WILDHORN 31L Laptop Backpack for Men/Women I Fits upto 15.6"" Laptop I Waterproof I Travel/Business/College Bookbags",599.,4.1,"1,610 ratings",B09QL66G55,WildHorn
51,https://www.amazon.in//s?k=bags&page=2&crid=L7FLEA6QV28S&qid=1692681024&sprefix=bag%2Caps%2C232&ref=sr_pg_2,Safari Quill Large Laptop Backpack 26 Ltrs Water Resistant Fabric - Blue,859.,4.0,773 ratings,B09B28TKLG,Safari Industries
52,https://www.amazon.in//s?k=bags&page=2&crid=L7FLEA6QV28S&qid=1692681024&sprefix=bag%2Caps%2C232&ref=sr_pg_2,"WILDHORN 31L Laptop Backpack for Men/Women I Fits upto 15.6"" Laptop I Waterproof I Travel/Business/College Bookbags",599.,4.1,"1,610 ratings",B09QL81ZHB,WildHorn
53,https://www.amazon.in//s?k=bags&page=2&crid=L7FLEA6QV28S&qid=1692681024&sprefix=bag%2Caps%2C232&ref=sr_pg_2,ADISA Light Weight Laptop Backpack 32 Ltrs,499.,4.0,"6,089 ratings",B07F3X45WZ,ADISA
54,https://www.amazon.in//s?k=bags&page=2&crid=L7FLEA6QV28S&qid=1692681024&sprefix=bag%2Caps%2C232&ref=sr_pg_2,"FATMUG Laptop Bag For Men - Convertible Backpack For Office And Travel (Dark Grey,Oxford Fabric)","1,699.",4.4,"2,314 ratings",B084LF4RT5,"‎Fatmug Designs, Delhi"
55,https://www.amazon.in//s?k=bags&page=2&crid=L7FLEA6QV28S&qid=1692681024&sprefix=bag%2Caps%2C232&ref=sr_pg_2,"SAMRAT Laptop Backpack, Separate Compartment to Keep Files & Folders || College, School, Office, Casual Multipurpose Backpack with 15.6"" Laptop",759,,,B0CFHCPW7V,SAMRAT CYCLE MART
56,https://www.amazon.in//s?k=bags&page=2&crid=L7FLEA6QV28S&qid=1692681024&sprefix=bag%2Caps%2C232&ref=sr_pg_2,HEROZ Hammer Unisex Nylon 45 L Travel Laptop Backpack Water Resistant Slim Durable Fits Up to 17.3 Inch Laptop Notebook (Grey & Sky Blue),"1,499.",4.2,"8,115 ratings",B07MGDH98T,"‎Heroz, A-630, Amar puri, Krishna Basti, Ram Tirath nagar. Pahar Ganj. New Deihi. 110055"
57,https://www.amazon.in//s?k=bags&crid=L7FLEA6QV28S&qid=1692681362&sprefix=bag%2Caps%2C232&ref=sr_pg_1,"FUR JADEN Anti Theft Number Lock Backpack Bag with 15.6 Inch Laptop Compartment, USB Charging Port & Organizer Pocket for Men Women Boys Girls",679,4.0,"5,610 ratings",B09VTDMRY7,FUR JADEN
58,https://www.amazon.in//s?k=bags&crid=L7FLEA6QV28S&qid=1692681362&sprefix=bag%2Caps%2C232&ref=sr_pg_1,"FUR JADEN Anti Theft Number Lock Backpack Bag with 15.6 Inch Laptop Compartment, USB Charging Port & Organizer Pocket for Men Women Boys Girls",799.,4.4,121 ratings,B0BYSZ3TKW,FUR JADEN
59,https://www.amazon.in//s?k=bags&crid=L7FLEA6QV28S&qid=1692681362&sprefix=bag%2Caps%2C232&ref=sr_pg_1,Skybags Brat Black 46 Cms Casual Backpack,649,4.1,"5,525 ratings",B08Z1HHHTD,VIP Industries Ltd
60,https://www.amazon.in//s?k=bags&crid=L7FLEA6QV28S&qid=1692681362&sprefix=bag%2Caps%2C232&ref=sr_pg_1,American Tourister Fizz Large Size 32 Ltrs Casual Backpack (BLACK),"1,199.",4.0,"55,249 ratings",B07CJCGM1M,‎Samsonite
61,https://www.amazon.in//s?k=bags&crid=L7FLEA6QV28S&qid=1692681362&sprefix=bag%2Caps%2C232&ref=sr_pg_1,Half Moon Large 37L Laptop Bag Backpack for menं Women Boys and Girls Luggage Travel Bags with 17.3 inches Laptop Compartment & Rain Cover,849.,3.9,"3,442 ratings",B09VCLZ3K4,Amazing Bags
62,https://www.amazon.in//s?k=bags&crid=L7FLEA6QV28S&qid=1692681362&sprefix=bag%2Caps%2C232&ref=sr_pg_1,Red Lemon Bange Hard Ironlook Briefcase Laptop Bag Anti-Theft Hard Shell Unisex Laptop Backpack with USB Charging Backpack for Men and Women,"4,990",4.4,108 ratings,B09ZYQJHXR,Encon Impex Pvt Ltd
63,https://www.amazon.in//s?k=bags&crid=L7FLEA6QV28S&qid=1692681362&sprefix=bag%2Caps%2C232&ref=sr_pg_1,POLICE Backpack for Men Casual Laptop Bag Office/Travel/College 30 Ltr Hedge Polyester - Black,"1,399.",4.1,"5,852 ratings",B09CQ5T3LN,
64,https://www.amazon.in//s?k=bags&crid=L7FLEA6QV28S&qid=1692681362&sprefix=bag%2Caps%2C232&ref=sr_pg_1,FUR JADEN Pro Series Smart Tech Anti-Theft Laptop Backpack With USB-A and USB-C Type Charging Port for Men & Women For Business Professionals & College Students,"3,499",4.6,99 ratings,B0C28QQMFJ,Fur Jaden
65,https://www.amazon.in//s?k=bags&crid=L7FLEA6QV28S&qid=1692681362&sprefix=bag%2Caps%2C232&ref=sr_pg_1,Red Lemon Medium Size Unisex Adult Bange Series Rhombus Shell Design Waterproof Sling Bag With Usb Charging,"1,899",4.2,93 ratings,B09VGNTDRZ,
66,https://www.amazon.in//s?k=bags&crid=L7FLEA6QV28S&qid=1692681362&sprefix=bag%2Caps%2C232&ref=sr_pg_1,COSMUS Laptop Backpack for 15.6 inch Laptop Linux 39 litres Office Laptop Backpack,"1,878.",4.3,445 ratings,B01FUKZRCU,No
67,https://www.amazon.in//s?k=bags&crid=L7FLEA6QV28S&qid=1692681362&sprefix=bag%2Caps%2C232&ref=sr_pg_1,"FUR JADEN Anti Theft Number Lock Backpack Bag with 15.6 Inch Laptop Compartment, USB Charging Port & Organizer Pocket for Men Women Boys Girls",679.,4.0,"5,610 ratings",B09VTDMRY7,FUR JADEN
68,https://www.amazon.in//s?k=bags&crid=L7FLEA6QV28S&qid=1692681362&sprefix=bag%2Caps%2C232&ref=sr_pg_1,TRUE HUMAN EMPEROR® Anti-Theft backpack With USB charging Port Laptop bag/Office bag/college bag/travel bag with anti -theft back pocket (LEGEND),599,3.7,"2,462 ratings",B09QJ7ZF2Y,
69,https://www.amazon.in//s?k=bags&crid=L7FLEA6QV28S&qid=1692681362&sprefix=bag%2Caps%2C232&ref=sr_pg_1,"Half Moon 35 Ltrs Water Resistant 15.6 inch Laptop Bag for Men/Backpack for Men, Navy Blue | Office Bag for Men/Office Bag for Women with Padded Laptop Compartment | Rain Cover & Reflective Strips",649.,3.9,"16,960 ratings",B085MHDJ93,Amazing Bags
70,https://www.amazon.in//s?k=bags&crid=L7FLEA6QV28S&qid=1692681362&sprefix=bag%2Caps%2C232&ref=sr_pg_1,Half Moon Large 37L Laptop Bag Backpack for menं Women Boys and Girls Luggage Travel Bags with 17.3 inches Laptop Compartment & Rain Cover,849,3.9,"3,442 ratings",B0BJ32LQ6X,Amazing Bags
71,https://www.amazon.in//s?k=bags&crid=L7FLEA6QV28S&qid=1692681362&sprefix=bag%2Caps%2C232&ref=sr_pg_1,POLICE Backpack for Men Casual Laptop Bag Office/Travel/College 30 Ltr Hedge Polyester - Black,"1,399.",4.1,"5,852 ratings",B09CQ5T3LN,
72,https://www.amazon.in//s?k=bags&crid=L7FLEA6QV28S&qid=1692681362&sprefix=bag%2Caps%2C232&ref=sr_pg_1,"FUR JADEN 15.6 Inch Smart Laptop Backpack Bag With USB Charging Port, Anti Theft Pocket and Accessories Organiser for Men Women Boys Girls","1,329",4.1,693 ratings,B0BSHBH9K2,Fur Jaden
73,https://www.amazon.in//s?k=bags&crid=L7FLEA6QV28S&qid=1692681362&sprefix=bag%2Caps%2C232&ref=sr_pg_1,"Red Lemon Titan Ultrafit Plus Bange Series 15.6-inch Laptop Bags Backpacks for Men and Women55L Outdoor and Camping 3in1 Office Bags,Travelling,Backpack","3,999.",4.4,509 ratings,B082Y7TZ8Z,TSpark
74,https://www.amazon.in//s?k=bags&crid=L7FLEA6QV28S&qid=1692681362&sprefix=bag%2Caps%2C232&ref=sr_pg_1,AmazonBasics - Casual Backpack/Office Bag/ for a 15.6-inch Laptop,699.,4.0,377 ratings,B09W4VMZ79,"‎FLAB INTERNATIONAL PRIVATE LIMITED, FLAB INTERNATIONAL PRIVATE LIMITED PLOT NO. 357 E, PACE CITY-2, SEC-37, GURGAON - 122001 (HARYANA) INDIA 91- 9873326777"
75,https://www.amazon.in//s?k=bags&crid=L7FLEA6QV28S&qid=1692681362&sprefix=bag%2Caps%2C232&ref=sr_pg_1,"MosQuick® Clear large Drawstring Bags Clear Plastic Travel Bags, Travel Garments Organizing Storage Plastic Bags ,Shoe bags , Stationery Bag,multipurpose bag - Translucent",420.,4.1,74 ratings,B09SB5DP5Y,
76,https://www.amazon.in//s?k=bags&crid=L7FLEA6QV28S&qid=1692681362&sprefix=bag%2Caps%2C232&ref=sr_pg_1,"Presto! Oxo-Biodegradable Garbage Bags, Large (24 x 32 inches) - 15 bags/roll (Pack of 6, Black, plastic)",329.,4.3,"29,983 ratings",B0821PYKVK,"‎SINAR INDAH PULP & PAPER PVT LTD Plot No: 122 B, Sec-6, HSIIDC, IGC,Bawal-123501, Distt - Rewari(HR)"
77,https://www.amazon.in//s?k=bags&crid=L7FLEA6QV28S&qid=1692681362&sprefix=bag%2Caps%2C232&ref=sr_pg_1,Amazon Basics Laptop Backpack,649.,4.2,504 ratings,B09W3XLDM2,"‎TORG INDIA PVT. LTD., TORG INDIA PVT. LTD. #6, Samarpan Enclave, ECC Road, Whitefield, Bangalore,Karnataka 560066, India, Ph: +91 9620199222, avisekm@torgusa.com"
78,https://www.amazon.in//s?k=bags&crid=L7FLEA6QV28S&qid=1692681362&sprefix=bag%2Caps%2C232&ref=sr_pg_1,Blue Tree Kids Backpack Mini Travel Bag 1-6 Years COW,298,4.0,385 ratings,B08D5RCWV9,Vancouver Store
79,https://www.amazon.in//s?k=bags&crid=L7FLEA6QV28S&qid=1692681362&sprefix=bag%2Caps%2C232&ref=sr_pg_1,"Amazon Brand - Solimo Diaper Backpack, Cat Print","1,349.",4.0,39 ratings,B08FTHBRPY,‎Solimo
80,https://www.amazon.in//s?k=bags&crid=L7FLEA6QV28S&qid=1692681362&sprefix=bag%2Caps%2C232&ref=sr_pg_1,Dyazo Slim 15.6 inch Laptop Backpack Business Notebook computer bag suitable for office College School Men & Women,599.,4.5,9 ratings,B0C7HC675G,"‎DYAZO, DYAZO F 15 Ground Floor Okhala Phase 1 New Delhi 110048"
81,https://www.amazon.in//s?k=bags&crid=L7FLEA6QV28S&qid=1692681362&sprefix=bag%2Caps%2C232&ref=sr_pg_1,Blue Tree Kids School Bag Soft Plush Backpack Cartoon Bags Mini Travel Bag for for Girls Boys Toddler Baby Cute Dog & Koala,448.,4.0,81 ratings,B097NHH5YY,‎6 years and up
82,https://www.amazon.in//s?k=bags&crid=L7FLEA6QV28S&qid=1692681362&sprefix=bag%2Caps%2C232&ref=sr_pg_1,"Fur Jaden 55 LTR Rucksack Travel Backpack Bag for Trekking, Hiking with Shoe Compartment",849.,4.3,"5,600 ratings",B07YDGQQN5,Fur Jaden
83,https://www.amazon.in//s?k=bags&crid=L7FLEA6QV28S&qid=1692681362&sprefix=bag%2Caps%2C232&ref=sr_pg_1,Fur Jaden Brown Textured Leatherette Stylish & Spacious Weekender Duffle Bag for Travel,899.,4.3,"6,505 ratings",B07M9BRCQ5,No
84,https://www.amazon.in//s?k=bags&crid=L7FLEA6QV28S&qid=1692681362&sprefix=bag%2Caps%2C232&ref=sr_pg_1,Gear CarryOn 16L Foldable Water Resistant School Bag//Backpack/College Bag for Men/Women - Blue Black,199,3.7,"7,051 ratings",B019HA8AYG,No
85,https://www.amazon.in//s?k=bags&crid=L7FLEA6QV28S&qid=1692681362&sprefix=bag%2Caps%2C232&ref=sr_pg_1,Gear Classic 20L Small Size Faux Leather Water Resistant Anti Theft Unisex Laptop Backpack- Brown,979.,4.4,"6,040 ratings",B07G4F6XFH,Gear Merchandise PVT LTD
86,https://www.amazon.in//s?k=bags&crid=L7FLEA6QV28S&qid=1692681362&sprefix=bag%2Caps%2C232&ref=sr_pg_1,Safari Seek 45 Ltrs Overnighter Expandable Travel Laptop Backpack,"2,099.",4.5,"7,383 ratings",B07BZ5VC4H,No
87,https://www.amazon.in//s?k=bags&crid=L7FLEA6QV28S&qid=1692681362&sprefix=bag%2Caps%2C232&ref=sr_pg_1,Lavie Sport Lino Large Size 63 cms Wheel Duffle Bag for Travel | Travel Bag with Trolley,"1,049.",4.0,"8,320 ratings",B097RJ22Q3,Bagzone Lifestyle Pvt Ltd
88,https://www.amazon.in//s?k=bags&crid=L7FLEA6QV28S&qid=1692681362&sprefix=bag%2Caps%2C232&ref=sr_pg_1,"American Tourister VALEX BLUE LAPTOP BACKPACK 28 Ltrs,Volume, LAPTOP COMPARTMENT, BOTTLE POCKET, FRONT ORGANIZER","1,399",4.2,665 ratings,B0BTD4FK9G,EXPERTS
89,https://www.amazon.in//s?k=bags&crid=L7FLEA6QV28S&qid=1692681362&sprefix=bag%2Caps%2C232&ref=sr_pg_1,"Mi Step Out 12 L Mini Backpack (Small Size, Black, Water Repellant)",249.,4.1,"9,706 ratings",B088XB5XY8,"‎Korrun India Pvt. Ltd, Plot No.25, P2(4&X), 1st Phase, Bidadi Industrial area, Bangalore-562109, Karnataka"
90,https://www.amazon.in//s?k=bags&crid=L7FLEA6QV28S&qid=1692681362&sprefix=bag%2Caps%2C232&ref=sr_pg_1,"uppercase Apex Professional Laptop Backpack (15.6 Inch) 3x more water resistant sustainable bags with rain proof zippers for Men, Women, Boys and Girls, 750 Days warranty","1,800",4.4,89 ratings,B0BWNBQXDZ,Acefour Accessories Pvt. Ltd.
91,https://www.amazon.in//s?k=bags&crid=L7FLEA6QV28S&qid=1692681362&sprefix=bag%2Caps%2C232&ref=sr_pg_1,"Lenovo 15.6"" (39.62cm) Slim Everyday Backpack, Made in India, Compact, Water-resistant, Organized storage:Laptop sleeve,tablet pocket,front workstation,2-side pockets,Padded adjustable shoulder straps",839.,4.3,"4,203 ratings",B08R7RPVJF,"‎Lenovo, #43/3, Maruthi Mandira, Arisina Kunta, Next to Holiday Plam Hotel, Nelamangala, Bangalore 562123, India"
92,https://www.amazon.in//s?k=bags&page=2&crid=L7FLEA6QV28S&qid=1692681578&sprefix=bag%2Caps%2C232&ref=sr_pg_2,"FUR JADEN Anti Theft Number Lock Backpack Bag with 15.6 Inch Laptop Compartment, USB Charging Port & Organizer Pocket for Men Women Boys Girls",679.,4.0,"5,610 ratings",B09VTDMRY7,FUR JADEN
93,https://www.amazon.in//s?k=bags&page=2&crid=L7FLEA6QV28S&qid=1692681578&sprefix=bag%2Caps%2C232&ref=sr_pg_2,"FUR JADEN Anti Theft Number Lock Backpack Bag with 15.6 Inch Laptop Compartment, USB Charging Port & Organizer Pocket for Men Women Boys Girls",799.,4.4,121 ratings,B0BYSZ3TKW,FUR JADEN
94,https://www.amazon.in//s?k=bags&page=2&crid=L7FLEA6QV28S&qid=1692681578&sprefix=bag%2Caps%2C232&ref=sr_pg_2,Sfane Polyester 23cms Duffle/Shoulder/Gym Bag for Men & Women with Separate Shoe Compartment (Grey),387.,4.3,"7,913 ratings",B07XXFB9CZ,No
95,https://www.amazon.in//s?k=bags&page=2&crid=L7FLEA6QV28S&qid=1692681578&sprefix=bag%2Caps%2C232&ref=sr_pg_2,ADISA 15.6 inch laptop backpack office bag college travel back pack 32 Ltrs,499,3.9,"1,148 ratings",B09TPX22NF,ADISA
96,https://www.amazon.in//s?k=bags&page=2&crid=L7FLEA6QV28S&qid=1692681578&sprefix=bag%2Caps%2C232&ref=sr_pg_2,Half Moon Aztec 37L School Bag Class 5-12 | College Bagpack for Men/College Back pack for Women | 15.6 inch Laptop Bag for Men/Backpack for Men | Spacious & Multiple Pockets,649.,3.6,229 ratings,B0C23Z9W18,Half_Moon
97,https://www.amazon.in//s?k=bags&page=2&crid=L7FLEA6QV28S&qid=1692681578&sprefix=bag%2Caps%2C232&ref=sr_pg_2,Zipline Unisex Casual Polyester 36 L Backpack School Bag Women Men Boys Girls Children Daypack College Bag Book School Sports Bag,843,3.6,912 ratings,B08WQ668WJ,Atulitu Agency
98,https://www.amazon.in//s?k=bags&page=2&crid=L7FLEA6QV28S&qid=1692681578&sprefix=bag%2Caps%2C232&ref=sr_pg_2,"Lenovo 15.6"" (39.62cm) Slim Everyday Backpack, Made in India, Compact, Water-resistant, Organized storage:Laptop sleeve,tablet pocket,front workstation,2-side pockets,Padded adjustable shoulder straps",839.,4.3,"4,203 ratings",B08R7RPVJF,"‎Lenovo, #43/3, Maruthi Mandira, Arisina Kunta, Next to Holiday Plam Hotel, Nelamangala, Bangalore 562123, India"
99,https://www.amazon.in//s?k=bags&page=2&crid=L7FLEA6QV28S&qid=1692681578&sprefix=bag%2Caps%2C232&ref=sr_pg_2,"Golden Wolf Laptop Bag Anti-theft Backpack with Lock College School Laptop Backpack with Rain Cover Water Resistant Business Backpack with USB Port for 15.6-inch Laptop Office Travel Bag for Men and Women Gifts, Dark Grey","1,999.",4.4,"3,500 ratings",B08HM4TQZZ,ah arctic hunter
100,https://www.amazon.in//s?k=bags&page=2&crid=L7FLEA6QV28S&qid=1692681578&sprefix=bag%2Caps%2C232&ref=sr_pg_2,Safari Quill Large Laptop Backpack 26 Ltrs Water Resistant Fabric - Black,859.,3.9,"1,025 ratings",B09B25Z8M2,Safari Industries
101,https://www.amazon.in//s?k=bags&page=2&crid=L7FLEA6QV28S&qid=1692681578&sprefix=bag%2Caps%2C232&ref=sr_pg_2,"American Tourister VALEX BLACK LAPTOP BACKPACK 28 Ltrs,Volume, LAPTOP COMPARTMENT, BOTTLE POCKET, FRONT ORGANIZER","1,399.",4.3,850 ratings,B0BTD4S4XF,EXPERTS
102,https://www.amazon.in//s?k=bags&page=2&crid=L7FLEA6QV28S&qid=1692681578&sprefix=bag%2Caps%2C232&ref=sr_pg_2,"FUR JADEN 15.6 Inch Smart Laptop Backpack Bag With USB Charging Port, Anti Theft Pocket and Accessories Organiser for Men Women Boys Girls","1,329",4.1,693 ratings,B0BSHBH9K2,Fur Jaden
103,https://www.amazon.in//s?k=bags&page=2&crid=L7FLEA6QV28S&qid=1692681578&sprefix=bag%2Caps%2C232&ref=sr_pg_2,"Red Lemon Titan Ultrafit Plus Bange Series 15.6-inch Laptop Bags Backpacks for Men and Women55L Outdoor and Camping 3in1 Office Bags,Travelling,Backpack","3,999.",4.4,509 ratings,B082Y7TZ8Z,TSpark
104,https://www.amazon.in//s?k=bags&page=2&crid=L7FLEA6QV28S&qid=1692681578&sprefix=bag%2Caps%2C232&ref=sr_pg_2,FUR JADEN Anti Theft Backpack 15.6 Inch Laptop Bag with USB Charging Port For Men Women Boys Girls,839.,4.0,"13,934 ratings",B078GLXMDY,No
105,https://www.amazon.in//s?k=bags&page=2&crid=L7FLEA6QV28S&qid=1692681578&sprefix=bag%2Caps%2C232&ref=sr_pg_2,"Lunar's V-Line Backpack for Men, Blue | 35L Water Resistant School Bags for Boys | Stylish, & Durable | College Bags for Men/College Bag for Girls | 1 Yr Warranty",735.,4.1,"2,683 ratings",B08BP5CYDV,Lunar's
106,https://www.amazon.in//s?k=bags&page=2&crid=L7FLEA6QV28S&qid=1692681578&sprefix=bag%2Caps%2C232&ref=sr_pg_2,ADISA 31 Ltrs Casual Backpack School College Bag Pack,399.,4.0,205 ratings,B0BX3QFVSM,ADISA
107,https://www.amazon.in//s?k=bags&page=2&crid=L7FLEA6QV28S&qid=1692681578&sprefix=bag%2Caps%2C232&ref=sr_pg_2,Safari Quill Large Laptop Backpack 26 Ltrs Water Resistant Fabric - Blue,859.,4.0,773 ratings,B09B28TKLG,Safari Industries
108,https://www.amazon.in//s?k=bags&page=2&crid=L7FLEA6QV28S&qid=1692681578&sprefix=bag%2Caps%2C232&ref=sr_pg_2,"WILDHORN 31L Laptop Backpack for Men/Women I Fits upto 15.6"" Laptop I Waterproof I Travel/Business/College Bookbags",599.,4.1,"1,610 ratings",B09QL81ZHB,WildHorn
109,https://www.amazon.in//s?k=bags&page=2&crid=L7FLEA6QV28S&qid=1692681578&sprefix=bag%2Caps%2C232&ref=sr_pg_2,ADISA Light Weight Laptop Backpack 32 Ltrs,499,4.0,"6,089 ratings",B07F3X45WZ,ADISA
110,https://www.amazon.in//s?k=bags&page=2&crid=L7FLEA6QV28S&qid=1692681578&sprefix=bag%2Caps%2C232&ref=sr_pg_2,"FATMUG Laptop Bag For Men - Convertible Backpack For Office And Travel (Dark Grey,Oxford Fabric)","1,699.",4.4,"2,314 ratings",B084LF4RT5,"‎Fatmug Designs, Delhi"
111,https://www.amazon.in//s?k=bags&page=2&crid=L7FLEA6QV28S&qid=1692681578&sprefix=bag%2Caps%2C232&ref=sr_pg_2,"POLESTAR Vintage 15.6 inch 32 LTR Casual Laptop Backpack/Office Bag/School Bag/College Bag/Business Bag/Unisex Backpack, Water Resistant and Light Weight, 1 year Warranty",589.,3.9,"9,140 ratings",B081GSQ9D9,No
112,https://www.amazon.in//s?k=bags&page=2&crid=L7FLEA6QV28S&qid=1692681578&sprefix=bag%2Caps%2C232&ref=sr_pg_2,"ZEBRONICS Camp1, 14 Liters, 1 Compartment Laptop Backpacks Fit Up to 15.6-inch Laptop, Polyester Fabric, Office Use and Mini Business Travel Bags (Grey)",528.,3.0,6 ratings,B0C6QNNPMM,"‎Zebronics India Private Limited, Zebronics India Private Limited"
113,https://www.amazon.in//s?k=bags&page=2&crid=L7FLEA6QV28S&qid=1692681578&sprefix=bag%2Caps%2C232&ref=sr_pg_2,"SAMRAT Laptop Backpack, Separate Compartment to Keep Files & Folders || College, School, Office, Casual Multipurpose Backpack with 15.6"" Laptop",759,,,B0CFHCPW7V,SAMRAT CYCLE MART
114,https://www.amazon.in//s?k=bags&crid=L7FLEA6QV28S&qid=1692681911&sprefix=bag%2Caps%2C232&ref=sr_pg_1,"FUR JADEN Anti Theft Number Lock Backpack Bag with 15.6 Inch Laptop Compartment, USB Charging Port & Organizer Pocket for Men Women Boys Girls",679.,4.0,"5,610 ratings",B09VTDMRY7,FUR JADEN
115,https://www.amazon.in//s?k=bags&crid=L7FLEA6QV28S&qid=1692681911&sprefix=bag%2Caps%2C232&ref=sr_pg_1,"FUR JADEN Anti Theft Number Lock Backpack Bag with 15.6 Inch Laptop Compartment, USB Charging Port & Organizer Pocket for Men Women Boys Girls",799.,4.4,121 ratings,B0BYSZ3TKW,FUR JADEN
116,https://www.amazon.in//s?k=bags&crid=L7FLEA6QV28S&qid=1692681911&sprefix=bag%2Caps%2C232&ref=sr_pg_1,Skybags Brat Black 46 Cms Casual Backpack,649,4.1,"5,525 ratings",B08Z1HHHTD,VIP Industries Ltd
117,https://www.amazon.in//s?k=bags&crid=L7FLEA6QV28S&qid=1692681911&sprefix=bag%2Caps%2C232&ref=sr_pg_1,American Tourister Fizz Large Size 32 Ltrs Casual Backpack (BLACK),"1,199.",4.0,"55,249 ratings",B07CJCGM1M,‎Samsonite
118,https://www.amazon.in//s?k=bags&crid=L7FLEA6QV28S&qid=1692681911&sprefix=bag%2Caps%2C232&ref=sr_pg_1,Half Moon Large 37L Laptop Bag Backpack for menं Women Boys and Girls Luggage Travel Bags with 17.3 inches Laptop Compartment & Rain Cover,849,3.9,"3,442 ratings",B09VCLZ3K4,Amazing Bags
119,https://www.amazon.in//s?k=bags&crid=L7FLEA6QV28S&qid=1692681911&sprefix=bag%2Caps%2C232&ref=sr_pg_1,Red Lemon Bange Hard Ironlook Briefcase Laptop Bag Anti-Theft Hard Shell Unisex Laptop Backpack with USB Charging Backpack for Men and Women,"4,990.",4.4,108 ratings,B09ZYQJHXR,Encon Impex Pvt Ltd
120,https://www.amazon.in//s?k=bags&crid=L7FLEA6QV28S&qid=1692681911&sprefix=bag%2Caps%2C232&ref=sr_pg_1,FUR JADEN Pro Series Smart Tech Anti-Theft Laptop Backpack With USB-A and USB-C Type Charging Port for Men & Women For Business Professionals & College Students,"3,499",4.6,99 ratings,B0C28QQMFJ,Fur Jaden
121,https://www.amazon.in//s?k=bags&crid=L7FLEA6QV28S&qid=1692681911&sprefix=bag%2Caps%2C232&ref=sr_pg_1,POLICE Backpack for Men Casual Laptop Bag Office/Travel/College 30 Ltr Hedge Polyester - Black,"1,399.",4.1,"5,852 ratings",B09CQ5T3LN,
122,https://www.amazon.in//s?k=bags&crid=L7FLEA6QV28S&qid=1692681911&sprefix=bag%2Caps%2C232&ref=sr_pg_1,Red Lemon Medium Size Unisex Adult Bange Series Rhombus Shell Design Waterproof Sling Bag With Usb Charging,"1,899.",4.2,93 ratings,B09VGNTDRZ,
123,https://www.amazon.in//s?k=bags&crid=L7FLEA6QV28S&qid=1692681911&sprefix=bag%2Caps%2C232&ref=sr_pg_1,"Red Lemon BANGE Light Flight Laptop Backpack for Men 15.6 Inch Tech Backpack Slim Laptop Backpack for Business Commuter backpack For Men, laptop bag for women","3,299.",4.5,41 ratings,B0B9WXXN8D,Encon Impex Pvt Ltd
124,https://www.amazon.in//s?k=bags&crid=L7FLEA6QV28S&qid=1692681911&sprefix=bag%2Caps%2C232&ref=sr_pg_1,"FUR JADEN Anti Theft Number Lock Backpack Bag with 15.6 Inch Laptop Compartment, USB Charging Port & Organizer Pocket for Men Women Boys Girls",679.,4.0,"5,610 ratings",B09VTDMRY7,FUR JADEN
125,https://www.amazon.in//s?k=bags&crid=L7FLEA6QV28S&qid=1692681911&sprefix=bag%2Caps%2C232&ref=sr_pg_1,TRUE HUMAN EMPEROR® Anti-Theft backpack With USB charging Port Laptop bag/Office bag/college bag/travel bag with anti -theft back pocket (LEGEND),599.,3.7,"2,462 ratings",B09QJ7ZF2Y,
126,https://www.amazon.in//s?k=bags&crid=L7FLEA6QV28S&qid=1692681911&sprefix=bag%2Caps%2C232&ref=sr_pg_1,"Half Moon 35 Ltrs Water Resistant 15.6 inch Laptop Bag for Men/Backpack for Men, Navy Blue | Office Bag for Men/Office Bag for Women with Padded Laptop Compartment | Rain Cover & Reflective Strips",649.,3.9,"16,960 ratings",B085MHDJ93,Amazing Bags
127,https://www.amazon.in//s?k=bags&crid=L7FLEA6QV28S&qid=1692681911&sprefix=bag%2Caps%2C232&ref=sr_pg_1,Half Moon Large 37L Laptop Bag Backpack for menं Women Boys and Girls Luggage Travel Bags with 17.3 inches Laptop Compartment & Rain Cover,849.,3.9,"3,442 ratings",B0BJ32LQ6X,Amazing Bags
128,https://www.amazon.in//s?k=bags&crid=L7FLEA6QV28S&qid=1692681911&sprefix=bag%2Caps%2C232&ref=sr_pg_1,POLICE Backpack for Men Casual Laptop Bag Office/Travel/College 30 Ltr Hedge Polyester - Black,"1,399.",4.1,"5,852 ratings",B09CQ5T3LN,
129,https://www.amazon.in//s?k=bags&crid=L7FLEA6QV28S&qid=1692681911&sprefix=bag%2Caps%2C232&ref=sr_pg_1,"Red Lemon Titan Ultrafit Plus Bange Series 15.6-inch Laptop Bags Backpacks for Men and Women55L Outdoor and Camping 3in1 Office Bags,Travelling,Backpack","3,999.",4.4,509 ratings,B082Y7TZ8Z,TSpark
130,https://www.amazon.in//s?k=bags&crid=L7FLEA6QV28S&qid=1692681911&sprefix=bag%2Caps%2C232&ref=sr_pg_1,"uppercase 26 Ltrs Ryder Professional Laptop Backpack (15.6 Inch) 3x more water resistant sustainable bags with rain proof zippers for Men, Women, Boys and Girls, 750 Days warranty","2,400.",4.3,78 ratings,B0BXFDK5J2,Acefour Accessories Pvt. Ltd.
131,https://www.amazon.in//s?k=bags&crid=L7FLEA6QV28S&qid=1692681911&sprefix=bag%2Caps%2C232&ref=sr_pg_1,AmazonBasics - Casual Backpack/Office Bag/ for a 15.6-inch Laptop,699.,4.0,377 ratings,B09W4VMZ79,"‎FLAB INTERNATIONAL PRIVATE LIMITED, FLAB INTERNATIONAL PRIVATE LIMITED PLOT NO. 357 E, PACE CITY-2, SEC-37, GURGAON - 122001 (HARYANA) INDIA 91- 9873326777"
132,https://www.amazon.in//s?k=bags&crid=L7FLEA6QV28S&qid=1692681911&sprefix=bag%2Caps%2C232&ref=sr_pg_1,"MosQuick® Clear large Drawstring Bags Clear Plastic Travel Bags, Travel Garments Organizing Storage Plastic Bags ,Shoe bags , Stationery Bag,multipurpose bag - Translucent",420.,4.1,74 ratings,B09SB5DP5Y,
133,https://www.amazon.in//s?k=bags&crid=L7FLEA6QV28S&qid=1692681911&sprefix=bag%2Caps%2C232&ref=sr_pg_1,"Presto! Oxo-Biodegradable Garbage Bags, Large (24 x 32 inches) - 15 bags/roll (Pack of 6, Black, plastic)",329.,4.3,"29,983 ratings",B0821PYKVK,"‎SINAR INDAH PULP & PAPER PVT LTD Plot No: 122 B, Sec-6, HSIIDC, IGC,Bawal-123501, Distt - Rewari(HR)"
134,https://www.amazon.in//s?k=bags&crid=L7FLEA6QV28S&qid=1692681911&sprefix=bag%2Caps%2C232&ref=sr_pg_1,Amazon Basics Laptop Backpack,649.,4.2,504 ratings,B09W3XLDM2,"‎TORG INDIA PVT. LTD., TORG INDIA PVT. LTD. #6, Samarpan Enclave, ECC Road, Whitefield, Bangalore,Karnataka 560066, India, Ph: +91 9620199222, avisekm@torgusa.com"
135,https://www.amazon.in//s?k=bags&crid=L7FLEA6QV28S&qid=1692681911&sprefix=bag%2Caps%2C232&ref=sr_pg_1,Blue Tree Kids Backpack Mini Travel Bag 1-6 Years COW,298.,4.0,385 ratings,B08D5RCWV9,Vancouver Store
136,https://www.amazon.in//s?k=bags&crid=L7FLEA6QV28S&qid=1692681911&sprefix=bag%2Caps%2C232&ref=sr_pg_1,"Amazon Brand - Solimo Diaper Backpack, Cat Print","1,349.",4.0,39 ratings,B08FTHBRPY,‎Solimo
137,https://www.amazon.in//s?k=bags&crid=L7FLEA6QV28S&qid=1692681911&sprefix=bag%2Caps%2C232&ref=sr_pg_1,Dyazo Slim 15.6 inch Laptop Backpack Business Notebook computer bag suitable for office College School Men & Women,599.,4.5,9 ratings,B0C7HC675G,"‎DYAZO, DYAZO F 15 Ground Floor Okhala Phase 1 New Delhi 110048"
138,https://www.amazon.in//s?k=bags&crid=L7FLEA6QV28S&qid=1692681911&sprefix=bag%2Caps%2C232&ref=sr_pg_1,Blue Tree Kids School Bag Soft Plush Backpack Cartoon Bags Mini Travel Bag for for Girls Boys Toddler Baby Cute Dog & Koala,448.,4.0,81 ratings,B097NHH5YY,‎6 years and up
139,https://www.amazon.in//s?k=bags&crid=L7FLEA6QV28S&qid=1692681911&sprefix=bag%2Caps%2C232&ref=sr_pg_1,"Fur Jaden 55 LTR Rucksack Travel Backpack Bag for Trekking, Hiking with Shoe Compartment",849.,4.3,"5,600 ratings",B07YDGQQN5,Fur Jaden
140,https://www.amazon.in//s?k=bags&crid=L7FLEA6QV28S&qid=1692681911&sprefix=bag%2Caps%2C232&ref=sr_pg_1,Fur Jaden Brown Textured Leatherette Stylish & Spacious Weekender Duffle Bag for Travel,899.,4.3,"6,505 ratings",B07M9BRCQ5,No
141,https://www.amazon.in//s?k=bags&crid=L7FLEA6QV28S&qid=1692681911&sprefix=bag%2Caps%2C232&ref=sr_pg_1,Gear CarryOn 16L Foldable Water Resistant School Bag//Backpack/College Bag for Men/Women - Blue Black,199.,3.7,"7,051 ratings",B019HA8AYG,No
142,https://www.amazon.in//s?k=bags&crid=L7FLEA6QV28S&qid=1692681911&sprefix=bag%2Caps%2C232&ref=sr_pg_1,Gear Classic 20L Small Size Faux Leather Water Resistant Anti Theft Unisex Laptop Backpack- Brown,979.,4.4,"6,040 ratings",B07G4F6XFH,Gear Merchandise PVT LTD
143,https://www.amazon.in//s?k=bags&crid=L7FLEA6QV28S&qid=1692681911&sprefix=bag%2Caps%2C232&ref=sr_pg_1,Safari Seek 45 Ltrs Overnighter Expandable Travel Laptop Backpack,"2,099.",4.5,"7,383 ratings",B07BZ5VC4H,No
144,https://www.amazon.in//s?k=bags&crid=L7FLEA6QV28S&qid=1692681911&sprefix=bag%2Caps%2C232&ref=sr_pg_1,Lavie Sport Lino Large Size 63 cms Wheel Duffle Bag for Travel | Travel Bag with Trolley,"1,049.",4.0,"8,320 ratings",B097RJ22Q3,Bagzone Lifestyle Pvt Ltd
145,https://www.amazon.in//s?k=bags&crid=L7FLEA6QV28S&qid=1692681911&sprefix=bag%2Caps%2C232&ref=sr_pg_1,"American Tourister VALEX BLUE LAPTOP BACKPACK 28 Ltrs,Volume, LAPTOP COMPARTMENT, BOTTLE POCKET, FRONT ORGANIZER","1,399.",4.2,665 ratings,B0BTD4FK9G,EXPERTS
146,https://www.amazon.in//s?k=bags&crid=L7FLEA6QV28S&qid=1692681911&sprefix=bag%2Caps%2C232&ref=sr_pg_1,Wesley Milestone 2.0 Casual Waterproof Laptop Backpack/Office Bag/School Bag/College Bag/Business Bag/Travel Backpack (Dimensions:13x18 inches) (Compatible with 39.62cm(15.6inch laptop) 30 L (Blue & black),588.,4.3,"12,344 ratings",B084JGJ8PF,"‎Wesley, Longani Trading Company, F-82, Sector-1, Bawana Industrial Area, Delhi-110039"
147,https://www.amazon.in//s?k=bags&crid=L7FLEA6QV28S&qid=1692681911&sprefix=bag%2Caps%2C232&ref=sr_pg_1,"uppercase Apex Professional Laptop Backpack (15.6 Inch) 3x more water resistant sustainable bags with rain proof zippers for Men, Women, Boys and Girls, 750 Days warranty","1,800.",4.4,89 ratings,B0BWNBQXDZ,Acefour Accessories Pvt. Ltd.
148,https://www.amazon.in//s?k=bags&crid=L7FLEA6QV28S&qid=1692681911&sprefix=bag%2Caps%2C232&ref=sr_pg_1,"Lenovo 15.6"" (39.62cm) Slim Everyday Backpack, Made in India, Compact, Water-resistant, Organized storage:Laptop sleeve,tablet pocket,front workstation,2-side pockets,Padded adjustable shoulder straps",839.,4.3,"4,203 ratings",B08R7RPVJF,"‎Lenovo, #43/3, Maruthi Mandira, Arisina Kunta, Next to Holiday Plam Hotel, Nelamangala, Bangalore 562123, India"
149,https://www.amazon.in//s?k=bags&page=2&crid=L7FLEA6QV28S&qid=1692682125&sprefix=bag%2Caps%2C232&ref=sr_pg_2,"FUR JADEN Anti Theft Number Lock Backpack Bag with 15.6 Inch Laptop Compartment, USB Charging Port & Organizer Pocket for Men Women Boys Girls",679.,4.0,"5,610 ratings",B09VTDMRY7,FUR JADEN
150,https://www.amazon.in//s?k=bags&page=2&crid=L7FLEA6QV28S&qid=1692682125&sprefix=bag%2Caps%2C232&ref=sr_pg_2,"FUR JADEN Anti Theft Number Lock Backpack Bag with 15.6 Inch Laptop Compartment, USB Charging Port & Organizer Pocket for Men Women Boys Girls",799.,4.4,121 ratings,B0BYSZ3TKW,FUR JADEN
151,https://www.amazon.in//s?k=bags&page=2&crid=L7FLEA6QV28S&qid=1692682125&sprefix=bag%2Caps%2C232&ref=sr_pg_2,"Mi Step Out 12 L Mini Backpack (Small Size, Black, Water Repellant)",249.,4.1,"9,706 ratings",B088XB5XY8,"‎Korrun India Pvt. Ltd, Plot No.25, P2(4&X), 1st Phase, Bidadi Industrial area, Bangalore-562109, Karnataka"
152,https://www.amazon.in//s?k=bags&page=2&crid=L7FLEA6QV28S&qid=1692682125&sprefix=bag%2Caps%2C232&ref=sr_pg_2,Sfane Polyester 23cms Duffle/Shoulder/Gym Bag for Men & Women with Separate Shoe Compartment (Grey),387.,4.3,"7,913 ratings",B07XXFB9CZ,No
153,https://www.amazon.in//s?k=bags&page=2&crid=L7FLEA6QV28S&qid=1692682125&sprefix=bag%2Caps%2C232&ref=sr_pg_2,ADISA 15.6 inch laptop backpack office bag college travel back pack 32 Ltrs,499,3.9,"1,148 ratings",B09TPX22NF,ADISA
154,https://www.amazon.in//s?k=bags&page=2&crid=L7FLEA6QV28S&qid=1692682125&sprefix=bag%2Caps%2C232&ref=sr_pg_2,Half Moon Aztec 37L School Bag Class 5-12 | College Bagpack for Men/College Back pack for Women | 15.6 inch Laptop Bag for Men/Backpack for Men | Spacious & Multiple Pockets,649.,3.6,229 ratings,B0C23Z9W18,Half_Moon
155,https://www.amazon.in//s?k=bags&page=2&crid=L7FLEA6QV28S&qid=1692682125&sprefix=bag%2Caps%2C232&ref=sr_pg_2,"Lenovo 15.6"" (39.62cm) Slim Everyday Backpack, Made in India, Compact, Water-resistant, Organized storage:Laptop sleeve,tablet pocket,front workstation,2-side pockets,Padded adjustable shoulder straps",839.,4.3,"4,203 ratings",B08R7RPVJF,"‎Lenovo, #43/3, Maruthi Mandira, Arisina Kunta, Next to Holiday Plam Hotel, Nelamangala, Bangalore 562123, India"
156,https://www.amazon.in//s?k=bags&page=2&crid=L7FLEA6QV28S&qid=1692682125&sprefix=bag%2Caps%2C232&ref=sr_pg_2,Safari Quill Large Laptop Backpack 26 Ltrs Water Resistant Fabric - Black,859,3.9,"1,025 ratings",B09B25Z8M2,Safari Industries
157,https://www.amazon.in//s?k=bags&page=2&crid=L7FLEA6QV28S&qid=1692682125&sprefix=bag%2Caps%2C232&ref=sr_pg_2,"American Tourister VALEX BLACK LAPTOP BACKPACK 28 Ltrs,Volume, LAPTOP COMPARTMENT, BOTTLE POCKET, FRONT ORGANIZER","1,399.",4.3,850 ratings,B0BTD4S4XF,EXPERTS
158,https://www.amazon.in//s?k=bags&page=2&crid=L7FLEA6QV28S&qid=1692682125&sprefix=bag%2Caps%2C232&ref=sr_pg_2,FUR JADEN Anti Theft Backpack 15.6 Inch Laptop Bag with USB Charging Port For Men Women Boys Girls,839.,4.0,"13,934 ratings",B078GLXMDY,No
159,https://www.amazon.in//s?k=bags&page=2&crid=L7FLEA6QV28S&qid=1692682125&sprefix=bag%2Caps%2C232&ref=sr_pg_2,"Red Lemon Titan Ultrafit Plus Bange Series 15.6-inch Laptop Bags Backpacks for Men and Women55L Outdoor and Camping 3in1 Office Bags,Travelling,Backpack","3,999.",4.4,509 ratings,B082Y7TZ8Z,TSpark
160,https://www.amazon.in//s?k=bags&page=2&crid=L7FLEA6QV28S&qid=1692682125&sprefix=bag%2Caps%2C232&ref=sr_pg_2,"uppercase 26 Ltrs Ryder Professional Laptop Backpack (15.6 Inch) 3x more water resistant sustainable bags with rain proof zippers for Men, Women, Boys and Girls, 750 Days warranty","2,400",4.3,78 ratings,B0BXFDK5J2,Acefour Accessories Pvt. Ltd.
161,https://www.amazon.in//s?k=bags&page=2&crid=L7FLEA6QV28S&qid=1692682125&sprefix=bag%2Caps%2C232&ref=sr_pg_2,"Lunar's V-Line Backpack for Men, Blue | 35L Water Resistant School Bags for Boys | Stylish, & Durable | College Bags for Men/College Bag for Girls | 1 Yr Warranty",735.,4.1,"2,683 ratings",B08BP5CYDV,Lunar's
162,https://www.amazon.in//s?k=bags&page=2&crid=L7FLEA6QV28S&qid=1692682125&sprefix=bag%2Caps%2C232&ref=sr_pg_2,ADISA 31 Ltrs Casual Backpack School College Bag Pack,399.,4.0,205 ratings,B0BX3QFVSM,ADISA
163,https://www.amazon.in//s?k=bags&page=2&crid=L7FLEA6QV28S&qid=1692682125&sprefix=bag%2Caps%2C232&ref=sr_pg_2,"WILDHORN 31L Laptop Backpack for Men/Women I Fits upto 15.6"" Laptop I Waterproof I Travel/Business/College Bookbags",599.,4.1,"1,610 ratings",B09QL66G55,WildHorn
164,https://www.amazon.in//s?k=bags&page=2&crid=L7FLEA6QV28S&qid=1692682125&sprefix=bag%2Caps%2C232&ref=sr_pg_2,Safari Quill Large Laptop Backpack 26 Ltrs Water Resistant Fabric - Blue,859.,4.0,773 ratings,B09B28TKLG,Safari Industries
165,https://www.amazon.in//s?k=bags&page=2&crid=L7FLEA6QV28S&qid=1692682125&sprefix=bag%2Caps%2C232&ref=sr_pg_2,"WILDHORN 31L Laptop Backpack for Men/Women I Fits upto 15.6"" Laptop I Waterproof I Travel/Business/College Bookbags",599.,4.1,"1,610 ratings",B09QL81ZHB,WildHorn
166,https://www.amazon.in//s?k=bags&page=2&crid=L7FLEA6QV28S&qid=1692682125&sprefix=bag%2Caps%2C232&ref=sr_pg_2,ADISA Light Weight Laptop Backpack 32 Ltrs,499.,4.0,"6,089 ratings",B07F3X45WZ,ADISA
167,https://www.amazon.in//s?k=bags&page=2&crid=L7FLEA6QV28S&qid=1692682125&sprefix=bag%2Caps%2C232&ref=sr_pg_2,"POLESTAR Vintage 15.6 inch 32 LTR Casual Laptop Backpack/Office Bag/School Bag/College Bag/Business Bag/Unisex Backpack, Water Resistant and Light Weight, 1 year Warranty",589.,3.9,"9,140 ratings",B081GSQ9D9,No
168,https://www.amazon.in//s?k=bags&page=2&crid=L7FLEA6QV28S&qid=1692682125&sprefix=bag%2Caps%2C232&ref=sr_pg_2,Arctic Fox 15 Liters Draw String Bag Lavender Backpack,209.,4.2,"3,518 ratings",B08L6Q9V1H,Arctic Fox
169,https://www.amazon.in//s?k=bags&page=2&crid=L7FLEA6QV28S&qid=1692682125&sprefix=bag%2Caps%2C232&ref=sr_pg_2,"SAMRAT Laptop Backpack, Separate Compartment to Keep Files & Folders || College, School, Office, Casual Multipurpose Backpack with 15.6"" Laptop",759.,,,B0CFHCPW7V,SAMRAT CYCLE MART
170,https://www.amazon.in//s?k=bags&page=2&crid=L7FLEA6QV28S&qid=1692682125&sprefix=bag%2Caps%2C232&ref=sr_pg_2,HEROZ Hammer Unisex Nylon 45 L Travel Laptop Backpack Water Resistant Slim Durable Fits Up to 17.3 Inch Laptop Notebook (Grey & Sky Blue),"1,499.",4.2,"8,115 ratings",B07MGDH98T,"‎Heroz, A-630, Amar puri, Krishna Basti, Ram Tirath nagar. Pahar Ganj. New Deihi. 110055"
171,https://www.amazon.in//s?k=bags&crid=L7FLEA6QV28S&qid=1692682462&sprefix=bag%2Caps%2C232&ref=sr_pg_1,"Zebronics Camp1, 14 Liters, 1 Compartment Laptop Backpacks Fit Up to 15.6-inch Laptop, Polyester Fabric, Office Use and Mini Business Travel Bags (Black)",528.,3.0,6 ratings,B0C6KZS555,"‎Zebronics India Private Limited, Zebronics India Private Limited"
172,https://www.amazon.in//s?k=bags&crid=L7FLEA6QV28S&qid=1692682462&sprefix=bag%2Caps%2C232&ref=sr_pg_1,"ZEBRONICS Techshield A3, 23 Liters 2 Compartment Laptop Backpacks Fit Up to 15.6-inch Laptop Polyester Fabric Office Use and Mini Business Travel Bags (Black)",846.,5.0,6 ratings,B0C6QWBRSB,"‎Zebronics India Private Limited, Zebronics India Private Limited"
173,https://www.amazon.in//s?k=bags&crid=L7FLEA6QV28S&qid=1692682462&sprefix=bag%2Caps%2C232&ref=sr_pg_1,Skybags Brat Black 46 Cms Casual Backpack,649.,4.1,"5,525 ratings",B08Z1HHHTD,VIP Industries Ltd
174,https://www.amazon.in//s?k=bags&crid=L7FLEA6QV28S&qid=1692682462&sprefix=bag%2Caps%2C232&ref=sr_pg_1,American Tourister Fizz Large Size 32 Ltrs Casual Backpack (BLACK),"1,199.",4.0,"55,249 ratings",B07CJCGM1M,‎Samsonite
175,https://www.amazon.in//s?k=bags&crid=L7FLEA6QV28S&qid=1692682462&sprefix=bag%2Caps%2C232&ref=sr_pg_1,Half Moon Large 37L Laptop Bag Backpack for menं Women Boys and Girls Luggage Travel Bags with 17.3 inches Laptop Compartment & Rain Cover,849.,3.9,"3,442 ratings",B09VCLZ3K4,Amazing Bags
176,https://www.amazon.in//s?k=bags&crid=L7FLEA6QV28S&qid=1692682462&sprefix=bag%2Caps%2C232&ref=sr_pg_1,POLICE Backpack for Men Casual Laptop Bag Office/Travel/College 30 Ltr Hedge Polyester - Black,"1,399.",4.1,"5,852 ratings",B09CQ5T3LN,
177,https://www.amazon.in//s?k=bags&crid=L7FLEA6QV28S&qid=1692682462&sprefix=bag%2Caps%2C232&ref=sr_pg_1,FUR JADEN Pro Series Smart Tech Anti-Theft Laptop Backpack With USB-A and USB-C Type Charging Port for Men & Women For Business Professionals & College Students,"3,499.",4.6,99 ratings,B0C28QQMFJ,Fur Jaden
178,https://www.amazon.in//s?k=bags&crid=L7FLEA6QV28S&qid=1692682462&sprefix=bag%2Caps%2C232&ref=sr_pg_1,"Half Moon Vision Water Resistant 15.6 inch Laptop Bag for Men/Backpack for Men, Blue | Office Bag for Men/Office Bag for Women with Padded Laptop Compartment | (Navy and Black)",599.,4.7,14 ratings,B0BYW5SH4L,Half_Moon
179,https://www.amazon.in//s?k=bags&crid=L7FLEA6QV28S&qid=1692682462&sprefix=bag%2Caps%2C232&ref=sr_pg_1,"Arctic Hunter Backpack for Men Stylish 15.6-inch Laptop Bag with Separate Laptop Pocket and Anti-theft Water-resistant Pocket PU Coating YKK Zipper Multiple Compartments Laptop Backpack for Business College and Daily Use,Black","3,419.",4.6,35 ratings,B0B6FRHV7C,ah arctic hunter
180,https://www.amazon.in//s?k=bags&crid=L7FLEA6QV28S&qid=1692682462&sprefix=bag%2Caps%2C232&ref=sr_pg_1,Martucci Large 35 L Backpack Spacy Unisex/College/School/Travel Backpack with Rain Cover and Reflective Strip,746.,4.0,"1,258 ratings",B0B7DT6HY3,Martucci
181,https://www.amazon.in//s?k=bags&crid=L7FLEA6QV28S&qid=1692682462&sprefix=bag%2Caps%2C232&ref=sr_pg_1,"FUR JADEN Anti Theft Number Lock Backpack Bag with 15.6 Inch Laptop Compartment, USB Charging Port & Organizer Pocket for Men Women Boys Girls",679,4.0,"5,610 ratings",B09VTDMRY7,FUR JADEN
182,https://www.amazon.in//s?k=bags&crid=L7FLEA6QV28S&qid=1692682462&sprefix=bag%2Caps%2C232&ref=sr_pg_1,TRUE HUMAN EMPEROR® Anti-Theft backpack With USB charging Port Laptop bag/Office bag/college bag/travel bag with anti -theft back pocket (LEGEND),599.,3.7,"2,462 ratings",B09QJ7ZF2Y,
183,https://www.amazon.in//s?k=bags&crid=L7FLEA6QV28S&qid=1692682462&sprefix=bag%2Caps%2C232&ref=sr_pg_1,"Half Moon 35 Ltrs Water Resistant 15.6 inch Laptop Bag for Men/Backpack for Men, Navy Blue | Office Bag for Men/Office Bag for Women with Padded Laptop Compartment | Rain Cover & Reflective Strips",649.,3.9,"16,960 ratings",B085MHDJ93,Amazing Bags
184,https://www.amazon.in//s?k=bags&crid=L7FLEA6QV28S&qid=1692682462&sprefix=bag%2Caps%2C232&ref=sr_pg_1,Half Moon Large 37L Laptop Bag Backpack for menं Women Boys and Girls Luggage Travel Bags with 17.3 inches Laptop Compartment & Rain Cover,849,3.9,"3,442 ratings",B0BJ32LQ6X,Amazing Bags
185,https://www.amazon.in//s?k=bags&crid=L7FLEA6QV28S&qid=1692682462&sprefix=bag%2Caps%2C232&ref=sr_pg_1,"Fur Jaden 55 LTR Rucksack Travel Backpack Bag for Trekking, Hiking with Shoe Compartment",849,4.3,"5,600 ratings",B07YDGQQN5,Fur Jaden
186,https://www.amazon.in//s?k=bags&crid=L7FLEA6QV28S&qid=1692682462&sprefix=bag%2Caps%2C232&ref=sr_pg_1,"Red Lemon Titan Ultrafit Plus Bange Series 15.6-inch Laptop Bags Backpacks for Men and Women55L Outdoor and Camping 3in1 Office Bags,Travelling,Backpack","3,999.",4.4,509 ratings,B082Y7TZ8Z,TSpark
187,https://www.amazon.in//s?k=bags&crid=L7FLEA6QV28S&qid=1692682462&sprefix=bag%2Caps%2C232&ref=sr_pg_1,"uppercase 26 Ltrs Ryder Professional Laptop Backpack (15.6 Inch) 3x more water resistant sustainable bags with rain proof zippers for Men, Women, Boys and Girls, 750 Days warranty","2,400.",4.3,78 ratings,B0BXFDK5J2,Acefour Accessories Pvt. Ltd.
188,https://www.amazon.in//s?k=bags&crid=L7FLEA6QV28S&qid=1692682462&sprefix=bag%2Caps%2C232&ref=sr_pg_1,AmazonBasics - Casual Backpack/Office Bag/ for a 15.6-inch Laptop,699.,4.0,377 ratings,B09W4VMZ79,"‎FLAB INTERNATIONAL PRIVATE LIMITED, FLAB INTERNATIONAL PRIVATE LIMITED PLOT NO. 357 E, PACE CITY-2, SEC-37, GURGAON - 122001 (HARYANA) INDIA 91- 9873326777"
189,https://www.amazon.in//s?k=bags&crid=L7FLEA6QV28S&qid=1692682462&sprefix=bag%2Caps%2C232&ref=sr_pg_1,"MosQuick® Clear large Drawstring Bags Clear Plastic Travel Bags, Travel Garments Organizing Storage Plastic Bags ,Shoe bags , Stationery Bag,multipurpose bag - Translucent",420.,4.1,74 ratings,B09SB5DP5Y,
190,https://www.amazon.in//s?k=bags&crid=L7FLEA6QV28S&qid=1692682462&sprefix=bag%2Caps%2C232&ref=sr_pg_1,"Presto! Oxo-Biodegradable Garbage Bags, Large (24 x 32 inches) - 15 bags/roll (Pack of 6, Black, plastic)",329.,4.3,"29,983 ratings",B0821PYKVK,"‎SINAR INDAH PULP & PAPER PVT LTD Plot No: 122 B, Sec-6, HSIIDC, IGC,Bawal-123501, Distt - Rewari(HR)"
191,https://www.amazon.in//s?k=bags&crid=L7FLEA6QV28S&qid=1692682462&sprefix=bag%2Caps%2C232&ref=sr_pg_1,Amazon Basics Laptop Backpack,649.,4.2,504 ratings,B09W3XLDM2,"‎TORG INDIA PVT. LTD., TORG INDIA PVT. LTD. #6, Samarpan Enclave, ECC Road, Whitefield, Bangalore,Karnataka 560066, India, Ph: +91 9620199222, avisekm@torgusa.com"
192,https://www.amazon.in//s?k=bags&crid=L7FLEA6QV28S&qid=1692682462&sprefix=bag%2Caps%2C232&ref=sr_pg_1,Blue Tree Kids Backpack Mini Travel Bag 1-6 Years COW,298.,4.0,385 ratings,B08D5RCWV9,Vancouver Store
193,https://www.amazon.in//s?k=bags&crid=L7FLEA6QV28S&qid=1692682462&sprefix=bag%2Caps%2C232&ref=sr_pg_1,"Amazon Brand - Solimo Diaper Backpack, Cat Print","1,349.",4.0,39 ratings,B08FTHBRPY,‎Solimo
194,https://www.amazon.in//s?k=bags&crid=L7FLEA6QV28S&qid=1692682462&sprefix=bag%2Caps%2C232&ref=sr_pg_1,Dyazo Slim 15.6 inch Laptop Backpack Business Notebook computer bag suitable for office College School Men & Women,599.,4.5,9 ratings,B0C7HC675G,"‎DYAZO, DYAZO F 15 Ground Floor Okhala Phase 1 New Delhi 110048"
195,https://www.amazon.in//s?k=bags&crid=L7FLEA6QV28S&qid=1692682462&sprefix=bag%2Caps%2C232&ref=sr_pg_1,Blue Tree Kids School Bag Soft Plush Backpack Cartoon Bags Mini Travel Bag for for Girls Boys Toddler Baby Cute Dog & Koala,448.,4.0,81 ratings,B097NHH5YY,‎6 years and up
196,https://www.amazon.in//s?k=bags&crid=L7FLEA6QV28S&qid=1692682462&sprefix=bag%2Caps%2C232&ref=sr_pg_1,POLICE Backpack for Men Casual Laptop Bag Office/Travel/College 30 Ltr Hedge Polyester - Black,"1,399",4.1,"5,852 ratings",B09CQ5T3LN,
197,https://www.amazon.in//s?k=bags&crid=L7FLEA6QV28S&qid=1692682462&sprefix=bag%2Caps%2C232&ref=sr_pg_1,Fur Jaden Brown Textured Leatherette Stylish & Spacious Weekender Duffle Bag for Travel,899.,4.3,"6,505 ratings",B07M9BRCQ5,No
198,https://www.amazon.in//s?k=bags&crid=L7FLEA6QV28S&qid=1692682462&sprefix=bag%2Caps%2C232&ref=sr_pg_1,Gear CarryOn 16L Foldable Water Resistant School Bag//Backpack/College Bag for Men/Women - Blue Black,199,3.7,"7,051 ratings",B019HA8AYG,No
199,https://www.amazon.in//s?k=bags&crid=L7FLEA6QV28S&qid=1692682462&sprefix=bag%2Caps%2C232&ref=sr_pg_1,Gear Classic 20L Small Size Faux Leather Water Resistant Anti Theft Unisex Laptop Backpack- Brown,979,4.4,"6,040 ratings",B07G4F6XFH,Gear Merchandise PVT LTD
200,https://www.amazon.in//s?k=bags&crid=L7FLEA6QV28S&qid=1692682462&sprefix=bag%2Caps%2C232&ref=sr_pg_1,Safari Seek 45 Ltrs Overnighter Expandable Travel Laptop Backpack,"2,099",4.5,"7,383 ratings",B07BZ5VC4H,No
201,https://www.amazon.in//s?k=bags&crid=L7FLEA6QV28S&qid=1692682462&sprefix=bag%2Caps%2C232&ref=sr_pg_1,Lavie Sport Lino Large Size 63 cms Wheel Duffle Bag for Travel | Travel Bag with Trolley,"1,049.",4.0,"8,320 ratings",B097RJ22Q3,Bagzone Lifestyle Pvt Ltd
202,https://www.amazon.in//s?k=bags&crid=L7FLEA6QV28S&qid=1692682462&sprefix=bag%2Caps%2C232&ref=sr_pg_1,"American Tourister VALEX BLUE LAPTOP BACKPACK 28 Ltrs,Volume, LAPTOP COMPARTMENT, BOTTLE POCKET, FRONT ORGANIZER","1,399.",4.2,665 ratings,B0BTD4FK9G,EXPERTS
203,https://www.amazon.in//s?k=bags&crid=L7FLEA6QV28S&qid=1692682462&sprefix=bag%2Caps%2C232&ref=sr_pg_1,Wesley Milestone 2.0 Casual Waterproof Laptop Backpack/Office Bag/School Bag/College Bag/Business Bag/Travel Backpack (Dimensions:13x18 inches) (Compatible with 39.62cm(15.6inch laptop) 30 L (Blue & black),588.,4.3,"12,344 ratings",B084JGJ8PF,"‎Wesley, Longani Trading Company, F-82, Sector-1, Bawana Industrial Area, Delhi-110039"
204,https://www.amazon.in//s?k=bags&crid=L7FLEA6QV28S&qid=1692682462&sprefix=bag%2Caps%2C232&ref=sr_pg_1,"uppercase Apex Professional Laptop Backpack (15.6 Inch) 3x more water resistant sustainable bags with rain proof zippers for Men, Women, Boys and Girls, 750 Days warranty","1,800.",4.4,89 ratings,B0BWNBQXDZ,Acefour Accessories Pvt. Ltd.
205,https://www.amazon.in//s?k=bags&crid=L7FLEA6QV28S&qid=1692682462&sprefix=bag%2Caps%2C232&ref=sr_pg_1,"Lenovo 15.6"" (39.62cm) Slim Everyday Backpack, Made in India, Compact, Water-resistant, Organized storage:Laptop sleeve,tablet pocket,front workstation,2-side pockets,Padded adjustable shoulder straps",839.,4.3,"4,203 ratings",B08R7RPVJF,"‎Lenovo, #43/3, Maruthi Mandira, Arisina Kunta, Next to Holiday Plam Hotel, Nelamangala, Bangalore 562123, India"
206,https://www.amazon.in//s?k=bags&page=2&crid=L7FLEA6QV28S&qid=1692682677&sprefix=bag%2Caps%2C232&ref=sr_pg_2,"Red Lemon Titan Ultrafit Plus Bange Series 15.6-inch Laptop Bags Backpacks for Men and Women55L Outdoor and Camping 3in1 Office Bags,Travelling,Backpack","3,999",4.4,509 ratings,B082Y7TZ8Z,TSpark
207,https://www.amazon.in//s?k=bags&page=2&crid=L7FLEA6QV28S&qid=1692682677&sprefix=bag%2Caps%2C232&ref=sr_pg_2,FUR JADEN Pro Series Smart Tech Anti-Theft Laptop Backpack With USB-A and USB-C Type Charging Port for Men & Women For Business Professionals & College Students,"3,499",4.6,99 ratings,B0C28QQMFJ,Fur Jaden
208,https://www.amazon.in//s?k=bags&page=2&crid=L7FLEA6QV28S&qid=1692682677&sprefix=bag%2Caps%2C232&ref=sr_pg_2,ADISA 15.6 inch laptop backpack office bag college travel back pack 32 Ltrs,499.,3.9,"1,148 ratings",B09TPX22NF,ADISA
209,https://www.amazon.in//s?k=bags&page=2&crid=L7FLEA6QV28S&qid=1692682677&sprefix=bag%2Caps%2C232&ref=sr_pg_2,Half Moon Aztec 37L School Bag Class 5-12 | College Bagpack for Men/College Back pack for Women | 15.6 inch Laptop Bag for Men/Backpack for Men | Spacious & Multiple Pockets,649.,3.6,229 ratings,B0C23Z9W18,Half_Moon
210,https://www.amazon.in//s?k=bags&page=2&crid=L7FLEA6QV28S&qid=1692682677&sprefix=bag%2Caps%2C232&ref=sr_pg_2,"Lenovo 15.6"" (39.62cm) Slim Everyday Backpack, Made in India, Compact, Water-resistant, Organized storage:Laptop sleeve,tablet pocket,front workstation,2-side pockets,Padded adjustable shoulder straps",839.,4.3,"4,203 ratings",B08R7RPVJF,"‎Lenovo, #43/3, Maruthi Mandira, Arisina Kunta, Next to Holiday Plam Hotel, Nelamangala, Bangalore 562123, India"
211,https://www.amazon.in//s?k=bags&page=2&crid=L7FLEA6QV28S&qid=1692682677&sprefix=bag%2Caps%2C232&ref=sr_pg_2,"Golden Wolf Laptop Bag Anti-theft Backpack with Lock College School Laptop Backpack with Rain Cover Water Resistant Business Backpack with USB Port for 15.6-inch Laptop Office Travel Bag for Men and Women Gifts, Dark Grey","1,999.",4.4,"3,500 ratings",B08HM4TQZZ,ah arctic hunter
212,https://www.amazon.in//s?k=bags&page=2&crid=L7FLEA6QV28S&qid=1692682677&sprefix=bag%2Caps%2C232&ref=sr_pg_2,"American Tourister VALEX BLACK LAPTOP BACKPACK 28 Ltrs,Volume, LAPTOP COMPARTMENT, BOTTLE POCKET, FRONT ORGANIZER","1,399",4.3,850 ratings,B0BTD4S4XF,EXPERTS
213,https://www.amazon.in//s?k=bags&page=2&crid=L7FLEA6QV28S&qid=1692682677&sprefix=bag%2Caps%2C232&ref=sr_pg_2,"Lunar's V-Line Backpack for Men, Blue | 35L Water Resistant School Bags for Boys | Stylish, & Durable | College Bags for Men/College Bag for Girls | 1 Yr Warranty",735.,4.1,"2,683 ratings",B08BP5CYDV,Lunar's
214,https://www.amazon.in//s?k=bags&page=2&crid=L7FLEA6QV28S&qid=1692682677&sprefix=bag%2Caps%2C232&ref=sr_pg_2,ADISA 31 Ltrs Casual Backpack School College Bag Pack,399,4.0,205 ratings,B0BX3QFVSM,ADISA
215,https://www.amazon.in//s?k=bags&page=2&crid=L7FLEA6QV28S&qid=1692682677&sprefix=bag%2Caps%2C232&ref=sr_pg_2,ADISA Light Weight Laptop Backpack 32 Ltrs,499,4.0,"6,089 ratings",B07F3X45WZ,ADISA
216,https://www.amazon.in//s?k=bags&page=2&crid=L7FLEA6QV28S&qid=1692682677&sprefix=bag%2Caps%2C232&ref=sr_pg_2,"ZEBRONICS Camp1, 14 Liters, 1 Compartment Laptop Backpacks Fit Up to 15.6-inch Laptop, Polyester Fabric, Office Use and Mini Business Travel Bags (Grey)",528.,3.0,6 ratings,B0C6QNNPMM,"‎Zebronics India Private Limited, Zebronics India Private Limited"
217,https://www.amazon.in//s?k=bags&page=2&crid=L7FLEA6QV28S&qid=1692682677&sprefix=bag%2Caps%2C232&ref=sr_pg_2,"uppercase 26 Ltrs Ryder Professional Laptop Backpack (15.6 Inch) 3x more water resistant sustainable bags with rain proof zippers for Men, Women, Boys and Girls, 750 Days warranty","2,400.",4.3,78 ratings,B0BXFDK5J2,Acefour Accessories Pvt. Ltd.
218,https://www.amazon.in//s?k=bags&page=2&crid=L7FLEA6QV28S&qid=1692682677&sprefix=bag%2Caps%2C232&ref=sr_pg_2,"WILDHORN 31L Laptop Backpack for Men/Women I Fits upto 15.6"" Laptop I Waterproof I Travel/Business/College Bookbags",599.,4.1,"1,610 ratings",B09QL66G55,WildHorn
219,https://www.amazon.in//s?k=bags&page=2&crid=L7FLEA6QV28S&qid=1692682677&sprefix=bag%2Caps%2C232&ref=sr_pg_2,"WILDHORN 31L Laptop Backpack for Men/Women I Fits upto 15.6"" Laptop I Waterproof I Travel/Business/College Bookbags",599.,4.1,"1,610 ratings",B09QL81ZHB,WildHorn
220,https://www.amazon.in//s?k=bags&page=2&crid=L7FLEA6QV28S&qid=1692682677&sprefix=bag%2Caps%2C232&ref=sr_pg_2,NIVIA Basic Duffle Polyester Bag/Gym Bags/Adjustable Shoulder Bag for Men/Duffle Gym Bags for Men/Fitness Bag/Carry Bags/Sports & Travel Bag/Sports Kit/Duffle Bags Travel,269.,4.0,"3,839 ratings",B07FWQ9HRV,‎Freewill Sports Private Limited
221,https://www.amazon.in//s?k=bags&page=2&crid=L7FLEA6QV28S&qid=1692682677&sprefix=bag%2Caps%2C232&ref=sr_pg_2,"POLESTAR Vintage 15.6 inch 32 LTR Casual Laptop Backpack/Office Bag/School Bag/College Bag/Business Bag/Unisex Backpack, Water Resistant and Light Weight, 1 year Warranty",589.,3.9,"9,140 ratings",B081GSQ9D9,No
222,https://www.amazon.in//s?k=bags&page=2&crid=L7FLEA6QV28S&qid=1692682677&sprefix=bag%2Caps%2C232&ref=sr_pg_2,NIVIA Deflate Round 01 Polyester Gym Bag/Unisex Gym Bags/Adjustable Shoulder Bag for Men/Duffle Gym Bags for Men/Carry Gym Accessories/Fitness Bag/Sports &Travel Bag/Gym kit Bag (Black),459.,4.2,"7,604 ratings",,‎Freewill Sports Private Limited
223,https://www.amazon.in//s?k=bags&page=2&crid=L7FLEA6QV28S&qid=1692682677&sprefix=bag%2Caps%2C232&ref=sr_pg_2,ADISA 32L large laptop backpack office bag college travel back pack with rain cover,599,3.8,320 ratings,B0BPTV3795,ADISA
224,https://www.amazon.in//s?k=bags&page=2&crid=L7FLEA6QV28S&qid=1692682677&sprefix=bag%2Caps%2C232&ref=sr_pg_2,Gear Aspire 30L Water Restant Office Laptop Bag/Backpack for Men/Women/(Black),"1,115.",4.4,"6,098 ratings",B075MK4TXP,Gear Merchandise PVT LTD
225,https://www.amazon.in//s?k=bags&page=2&crid=L7FLEA6QV28S&qid=1692682677&sprefix=bag%2Caps%2C232&ref=sr_pg_2,"ROZEN 47 Ltrs, 46 cms School Bag Class 5-12 Large 5 partition Laptop Collage Office Travel Backpack Unisex",697.,4.0,199 ratings,B0BRTDXVZC,ROZEN
226,https://www.amazon.in//s?k=bags&page=2&crid=L7FLEA6QV28S&qid=1692682677&sprefix=bag%2Caps%2C232&ref=sr_pg_2,"SAMRAT Laptop Backpack, Separate Compartment to Keep Files & Folders || College, School, Office, Casual Multipurpose Backpack with 15.6"" Laptop",759.,,,B0CFHCPW7V,SAMRAT CYCLE MART
227,https://www.amazon.in//s?k=bags&page=2&crid=L7FLEA6QV28S&qid=1692682677&sprefix=bag%2Caps%2C232&ref=sr_pg_2,HEROZ Hammer Unisex Nylon 45 L Travel Laptop Backpack Water Resistant Slim Durable Fits Up to 17.3 Inch Laptop Notebook (Grey & Sky Blue),"1,499.",4.2,"8,115 ratings",B07MGDH98T,"‎Heroz, A-630, Amar puri, Krishna Basti, Ram Tirath nagar. Pahar Ganj. New Deihi. 110055"
228,https://www.amazon.in//s?k=bags&crid=L7FLEA6QV28S&qid=1692683009&sprefix=bag%2Caps%2C232&ref=sr_pg_1,"Zebronics Camp1, 14 Liters, 1 Compartment Laptop Backpacks Fit Up to 15.6-inch Laptop, Polyester Fabric, Office Use and Mini Business Travel Bags (Black)",528.,3.0,6 ratings,B0C6KZS555,"‎Zebronics India Private Limited, Zebronics India Private Limited"
229,https://www.amazon.in//s?k=bags&crid=L7FLEA6QV28S&qid=1692683009&sprefix=bag%2Caps%2C232&ref=sr_pg_1,"ZEBRONICS Techshield A3, 23 Liters 2 Compartment Laptop Backpacks Fit Up to 15.6-inch Laptop Polyester Fabric Office Use and Mini Business Travel Bags (Black)",846.,5.0,6 ratings,B0C6QWBRSB,"‎Zebronics India Private Limited, Zebronics India Private Limited"
230,https://www.amazon.in//s?k=bags&crid=L7FLEA6QV28S&qid=1692683009&sprefix=bag%2Caps%2C232&ref=sr_pg_1,Skybags Brat Black 46 Cms Casual Backpack,649.,4.1,"5,525 ratings",B08Z1HHHTD,VIP Industries Ltd
231,https://www.amazon.in//s?k=bags&crid=L7FLEA6QV28S&qid=1692683009&sprefix=bag%2Caps%2C232&ref=sr_pg_1,American Tourister Fizz Large Size 32 Ltrs Casual Backpack (BLACK),"1,199.",4.0,"55,249 ratings",B07CJCGM1M,‎Samsonite
232,https://www.amazon.in//s?k=bags&crid=L7FLEA6QV28S&qid=1692683009&sprefix=bag%2Caps%2C232&ref=sr_pg_1,Half Moon Large 37L Laptop Bag Backpack for menं Women Boys and Girls Luggage Travel Bags with 17.3 inches Laptop Compartment & Rain Cover,849.,3.9,"3,442 ratings",B09VCLZ3K4,Amazing Bags
233,https://www.amazon.in//s?k=bags&crid=L7FLEA6QV28S&qid=1692683009&sprefix=bag%2Caps%2C232&ref=sr_pg_1,AmazonBasics - Casual Backpack/Office Bag/ for a 15.6-inch Laptop,699.,4.0,377 ratings,B09W4VMZ79,"‎FLAB INTERNATIONAL PRIVATE LIMITED, FLAB INTERNATIONAL PRIVATE LIMITED PLOT NO. 357 E, PACE CITY-2, SEC-37, GURGAON - 122001 (HARYANA) INDIA 91- 9873326777"
234,https://www.amazon.in//s?k=bags&crid=L7FLEA6QV28S&qid=1692683009&sprefix=bag%2Caps%2C232&ref=sr_pg_1,"MosQuick® Clear large Drawstring Bags Clear Plastic Travel Bags, Travel Garments Organizing Storage Plastic Bags ,Shoe bags , Stationery Bag,multipurpose bag - Translucent",420,4.1,74 ratings,B09SB5DP5Y,
235,https://www.amazon.in//s?k=bags&crid=L7FLEA6QV28S&qid=1692683009&sprefix=bag%2Caps%2C232&ref=sr_pg_1,"Presto! Oxo-Biodegradable Garbage Bags, Large (24 x 32 inches) - 15 bags/roll (Pack of 6, Black, plastic)",329.,4.3,"29,983 ratings",B0821PYKVK,"‎SINAR INDAH PULP & PAPER PVT LTD Plot No: 122 B, Sec-6, HSIIDC, IGC,Bawal-123501, Distt - Rewari(HR)"
236,https://www.amazon.in//s?k=bags&crid=L7FLEA6QV28S&qid=1692683009&sprefix=bag%2Caps%2C232&ref=sr_pg_1,Amazon Basics Laptop Backpack,649.,4.2,504 ratings,B09W3XLDM2,"‎TORG INDIA PVT. LTD., TORG INDIA PVT. LTD. #6, Samarpan Enclave, ECC Road, Whitefield, Bangalore,Karnataka 560066, India, Ph: +91 9620199222, avisekm@torgusa.com"
237,https://www.amazon.in//s?k=bags&crid=L7FLEA6QV28S&qid=1692683009&sprefix=bag%2Caps%2C232&ref=sr_pg_1,Blue Tree Kids Backpack Mini Travel Bag 1-6 Years COW,298.,4.0,385 ratings,B08D5RCWV9,Vancouver Store
238,https://www.amazon.in//s?k=bags&crid=L7FLEA6QV28S&qid=1692683009&sprefix=bag%2Caps%2C232&ref=sr_pg_1,"Amazon Brand - Solimo Diaper Backpack, Cat Print","1,349.",4.0,39 ratings,B08FTHBRPY,‎Solimo
239,https://www.amazon.in//s?k=bags&crid=L7FLEA6QV28S&qid=1692683009&sprefix=bag%2Caps%2C232&ref=sr_pg_1,Dyazo Slim 15.6 inch Laptop Backpack Business Notebook computer bag suitable for office College School Men & Women,599.,4.5,9 ratings,B0C7HC675G,"‎DYAZO, DYAZO F 15 Ground Floor Okhala Phase 1 New Delhi 110048"
240,https://www.amazon.in//s?k=bags&crid=L7FLEA6QV28S&qid=1692683009&sprefix=bag%2Caps%2C232&ref=sr_pg_1,Blue Tree Kids School Bag Soft Plush Backpack Cartoon Bags Mini Travel Bag for for Girls Boys Toddler Baby Cute Dog & Koala,448.,4.0,81 ratings,B097NHH5YY,‎6 years and up
241,https://www.amazon.in//s?k=bags&crid=L7FLEA6QV28S&qid=1692683009&sprefix=bag%2Caps%2C232&ref=sr_pg_1,,,,,,
242,https://www.amazon.in//s?k=bags&crid=L7FLEA6QV28S&qid=1692683009&sprefix=bag%2Caps%2C232&ref=sr_pg_1,TRUE HUMAN EMPEROR® Anti-Theft backpack With USB charging Port Laptop bag/Office bag/college bag/travel bag with anti -theft back pocket (LEGEND),599.,3.7,"2,462 ratings",B09QJ7ZF2Y,
243,https://www.amazon.in//s?k=bags&crid=L7FLEA6QV28S&qid=1692683009&sprefix=bag%2Caps%2C232&ref=sr_pg_1,,,,,,
244,https://www.amazon.in//s?k=bags&crid=L7FLEA6QV28S&qid=1692683009&sprefix=bag%2Caps%2C232&ref=sr_pg_1,,,,,,
245,https://www.amazon.in//s?k=bags&crid=L7FLEA6QV28S&qid=1692683009&sprefix=bag%2Caps%2C232&ref=sr_pg_1,"Fur Jaden 55 LTR Rucksack Travel Backpack Bag for Trekking, Hiking with Shoe Compartment",849.,4.3,"5,600 ratings",B07YDGQQN5,Fur Jaden
246,https://www.amazon.in//s?k=bags&crid=L7FLEA6QV28S&qid=1692683009&sprefix=bag%2Caps%2C232&ref=sr_pg_1,,,,,,
247,https://www.amazon.in//s?k=bags&crid=L7FLEA6QV28S&qid=1692683009&sprefix=bag%2Caps%2C232&ref=sr_pg_1,,,,,,
248,https://www.amazon.in//s?k=bags&crid=L7FLEA6QV28S&qid=1692683009&sprefix=bag%2Caps%2C232&ref=sr_pg_1,,,,,,
249,https://www.amazon.in//s?k=bags&crid=L7FLEA6QV28S&qid=1692683009&sprefix=bag%2Caps%2C232&ref=sr_pg_1,,,,,,
250,https://www.amazon.in//s?k=bags&crid=L7FLEA6QV28S&qid=1692683009&sprefix=bag%2Caps%2C232&ref=sr_pg_1,Gear CarryOn 16L Foldable Water Resistant School Bag//Backpack/College Bag for Men/Women - Blue Black,199.,3.7,"7,051 ratings",,
251,https://www.amazon.in//s?k=bags&crid=L7FLEA6QV28S&qid=1692683009&sprefix=bag%2Caps%2C232&ref=sr_pg_1,,,,,,
252,https://www.amazon.in//s?k=bags&crid=L7FLEA6QV28S&qid=1692683009&sprefix=bag%2Caps%2C232&ref=sr_pg_1,Safari Seek 45 Ltrs Overnighter Expandable Travel Laptop Backpack,"2,099.",4.5,"7,383 ratings",,
253,https://www.amazon.in//s?k=bags&crid=L7FLEA6QV28S&qid=1692683009&sprefix=bag%2Caps%2C232&ref=sr_pg_1,,,,,,
254,https://www.amazon.in//s?k=bags&crid=L7FLEA6QV28S&qid=1692683009&sprefix=bag%2Caps%2C232&ref=sr_pg_1,,,,,,
255,https://www.amazon.in//s?k=bags&crid=L7FLEA6QV28S&qid=1692683009&sprefix=bag%2Caps%2C232&ref=sr_pg_1,,,,,,
256,https://www.amazon.in//s?k=bags&crid=L7FLEA6QV28S&qid=1692683009&sprefix=bag%2Caps%2C232&ref=sr_pg_1,,,,,,
257,https://www.amazon.in//s?k=bags&crid=L7FLEA6QV28S&qid=1692683009&sprefix=bag%2Caps%2C232&ref=sr_pg_1,DISHIN Polyester Anti Theft Water Resistant Premium Backpack with USB Charging Point - Fashion Bag Multicolour,999.,2.1,7 ratings,,
258,https://www.amazon.in//s?k=bags&crid=L7FLEA6QV28S&qid=1692683009&sprefix=bag%2Caps%2C232&ref=sr_pg_1,,,,,,
259,https://www.amazon.in//s?k=bags&crid=L7FLEA6QV28S&qid=1692683009&sprefix=bag%2Caps%2C232&ref=sr_pg_1,,,,,,
260,https://www.amazon.in//s?k=bags&crid=L7FLEA6QV28S&qid=1692683009&sprefix=bag%2Caps%2C232&ref=sr_pg_1,,,,,,
261,https://www.amazon.in//s?k=bags&crid=L7FLEA6QV28S&qid=1692683009&sprefix=bag%2Caps%2C232&ref=sr_pg_1,"Arctic Hunter Backpack for Men Stylish 15.6-inch Laptop Bag with Separate Laptop Pocket and Anti-theft Water-resistant Pocket PU Coating YKK Zipper Multiple Compartments Laptop Backpack for Business College and Daily Use,Black","3,419.",4.6,35 ratings,,
262,https://www.amazon.in//s?k=bags&crid=L7FLEA6QV28S&qid=1692683009&sprefix=bag%2Caps%2C232&ref=sr_pg_1,,,,,,
